representation,dataset,bacc,cluster_consistency,avg_confidence,atc
handcrafted,3D-MR-MS,0.325,0.41214446926041226,0.8201097960251128,0.9416666666666667
handcrafted,BraTS25-MEN,0.6333333333333333,0.2857950510226761,0.6403833348312099,0.59
handcrafted,BraTS25-MET,0.5066666666666667,0.5185179485875758,0.6407265578194172,0.6966666666666667
handcrafted,BraTS25-SSA,0.5566666666666666,0.37854514379229515,0.5778576047830785,0.5166666666666667
handcrafted,BrainMetShare,0.4822222222222223,0.4373004545500076,0.6108736865777451,0.6133333333333333
handcrafted,IXI,0.625,0.24977896938485467,0.6608445199344597,0.655
handcrafted,MS-60,0.20555555555555557,0.3691840219783755,0.8136332715167801,0.9111111111111111
handcrafted,MSLesSeg,0.47000000000000003,0.2706951178534162,0.533558254157451,0.43666666666666665
handcrafted,NSK-GBM,0.25,0.2490867933144729,0.9999832203693031,1.0
handcrafted,UPENN-GBM,0.37,0.3110130082657634,0.733156828803691,0.8133333333333334
untrained,3D-MR-MS,0.5166666666666666,0.4048313523057363,0.8159913411706102,0.7166666666666667
untrained,BraTS25-MEN,0.6033333333333334,0.6759223149758489,0.8502244256515339,0.8066666666666666
untrained,BraTS25-MET,0.6733333333333333,0.7340294615999008,0.8119691551802467,0.75
untrained,BraTS25-SSA,0.53,0.38541154622199464,0.7994179368516382,0.76
untrained,BrainMetShare,0.35555555555555557,0.5601320263446953,0.6966823284394653,0.57
untrained,IXI,0.885,0.463698364318209,0.9633081940527738,0.965
untrained,MS-60,0.15555555555555553,0.6521624947727253,0.9565932957091816,0.9777777777777777
untrained,MSLesSeg,0.5366666666666666,0.6069426818072726,0.8336865832878182,0.8466666666666667
untrained,NSK-GBM,0.18452380952380953,0.11718335317758966,0.9111748719364631,0.8928571428571429
untrained,UPENN-GBM,0.43666666666666665,0.19573781743301533,0.9847471858254956,0.98
medical,3D-MR-MS,0.23333333333333334,0.24048766782546221,0.7262453893615212,0.7666666666666667
medical,BraTS25-MEN,0.5166666666666666,0.8912243244233099,0.7027758158319011,0.72
medical,BraTS25-MET,0.5566666666666666,0.8121913204915664,0.676642763470326,0.7066666666666667
medical,BraTS25-SSA,0.4766666666666667,0.5429302958394169,0.6091440947756444,0.6
medical,BrainMetShare,0.3377777777777778,0.7751726743141889,0.5480683049547553,0.4066666666666667
medical,IXI,0.905,0.15700807476280726,0.9393686846842998,0.995
medical,MS-60,0.2333333333333333,0.2839265036892994,0.8221510203555694,0.9277777777777778
medical,MSLesSeg,0.39999999999999997,0.8502257400739651,0.7541014801590021,0.7266666666666667
medical,NSK-GBM,0.3511904761904762,0.2626257183525767,0.8566343635841098,0.9464285714285714
medical,UPENN-GBM,0.42666666666666664,0.2693175699014356,0.8416376588915622,0.9233333333333333
selfsup,3D-MR-MS,0.4,0.22937756619624972,0.67080883124037,0.6
selfsup,BraTS25-MEN,0.6266666666666667,0.3101704464086849,0.7571947252920131,0.7566666666666667
selfsup,BraTS25-MET,0.63,0.23447196403451312,0.6875458015452991,0.58
selfsup,BraTS25-SSA,0.5466666666666666,0.2737731572417706,0.7144425501375787,0.6566666666666666
selfsup,BrainMetShare,0.3688888888888889,0.4363882942530366,0.592969975693729,0.44
selfsup,IXI,0.79,0.560511853730923,0.932513448773621,0.945
selfsup,MS-60,0.2333333333333333,0.3530880583023331,0.7695410244075238,0.8333333333333334
selfsup,MSLesSeg,0.39666666666666667,0.2591218128205072,0.7846418301965902,0.81
selfsup,NSK-GBM,0.23809523809523808,0.24108807047895697,0.854897953147807,0.8869047619047619
selfsup,UPENN-GBM,0.43333333333333335,0.1897496048341715,0.9527279092675446,0.9666666666666667
brainiac,3D-MR-MS,0.3,0.47352260222918,0.7135322745034124,0.575
brainiac,BraTS25-MEN,0.7000000000000001,0.7230827782469471,0.7713793871797637,0.6633333333333333
brainiac,BraTS25-MET,0.64,0.5945498159277101,0.7873243290807824,0.7266666666666667
brainiac,BraTS25-SSA,0.55,0.6982095059705608,0.725726637304549,0.6133333333333333
brainiac,BrainMetShare,0.3333333333333333,0.7062109949551941,0.6613280790663254,0.47333333333333333
brainiac,IXI,0.7849999999999999,0.7678480423990651,0.8041335267517059,0.74
brainiac,MS-60,0.3333333333333333,0.3936879292755209,0.8015845281853782,0.7944444444444444
brainiac,MSLesSeg,0.5066666666666667,0.6552002559060192,0.7668104922661703,0.6933333333333334
brainiac,NSK-GBM,0.43452380952380953,0.5238329024634607,0.796818483729463,0.7857142857142857
brainiac,UPENN-GBM,0.41333333333333333,0.3859231166535959,0.8183836918246058,0.7866666666666666
brainfm,3D-MR-MS,0.4083333333333333,0.342034043405255,0.8705826636523055,0.8083333333333333
brainfm,BraTS25-MEN,0.7866666666666667,0.47831298263037814,0.852223786969383,0.7566666666666667
brainfm,BraTS25-MET,0.7933333333333334,0.22768294685288443,0.8499879801332003,0.7666666666666667
brainfm,BraTS25-SSA,0.6266666666666667,0.2720802653748273,0.8646473892304566,0.8
brainfm,BrainMetShare,0.27777777777777773,0.4590531196072463,0.8865899936608946,0.8466666666666667
brainfm,IXI,0.79,0.049312301714217494,0.9525295332587674,0.935
brainfm,MS-60,0.3333333333333333,0.19830130943713875,0.9976432661740816,0.9944444444444445
brainfm,MSLesSeg,0.6933333333333334,0.1198851491121457,0.8516269047523121,0.7433333333333333
brainfm,NSK-GBM,0.27380952380952384,0.16717493470333628,0.941994749863136,0.8988095238095238
brainfm,UPENN-GBM,0.47,0.3579793095783436,0.9638676562177678,0.9533333333333334
sammed3d,3D-MR-MS,0.7083333333333334,0.5093906964442911,0.8404270028884139,0.825
sammed3d,BraTS25-MEN,0.8233333333333334,0.725148325016874,0.9072245639893649,0.8833333333333333
sammed3d,BraTS25-MET,0.8466666666666667,0.7509287634327403,0.8868762014719979,0.8433333333333334
sammed3d,BraTS25-SSA,0.7366666666666666,0.53770483137603,0.8747596750852175,0.8366666666666667
sammed3d,BrainMetShare,0.5822222222222222,0.4082793375002172,0.7989987545434708,0.73
sammed3d,IXI,0.955,0.5762210315849994,0.962474456034986,0.965
sammed3d,MS-60,0.2777777777777778,0.10326079204673617,0.9458032161742859,0.9388888888888889
sammed3d,MSLesSeg,0.7366666666666667,0.6784815508643606,0.9454479849594998,0.9366666666666666
sammed3d,NSK-GBM,0.5773809523809524,0.26494431539419866,0.8531973484637893,0.8273809523809523
sammed3d,UPENN-GBM,0.65,0.2882310866622503,0.8880135939020891,0.8333333333333334
3dino,3D-MR-MS,0.7583333333333333,0.46533888883102703,0.9982399027859518,1.0
3dino,BraTS25-MEN,0.9033333333333333,0.6601949273484254,0.9561893024257624,0.8933333333333333
3dino,BraTS25-MET,0.8966666666666667,0.6427593189932753,0.9720788025230782,0.92
3dino,BraTS25-SSA,0.87,0.5684838141914346,0.9615033382480759,0.9133333333333333
3dino,BrainMetShare,0.6822222222222223,0.3611349679018783,0.9208840350451916,0.8266666666666667
3dino,IXI,0.995,0.5470503526470651,0.9957564365005652,0.99
3dino,MS-60,0.3611111111111111,0.17256848026872504,0.9598166647891481,0.9111111111111111
3dino,MSLesSeg,0.6866666666666666,0.6135991147885971,0.9880318866738474,0.97
3dino,NSK-GBM,0.5714285714285714,0.4611679447012734,0.9471431657366308,0.8869047619047619
3dino,UPENN-GBM,0.44,0.3786978477324987,0.9328232830955316,0.8366666666666667
3dino_rand,3D-MR-MS,0.31666666666666665,0.8575229762095758,0.6766744265302855,0.5083333333333333
3dino_rand,BraTS25-MEN,0.7133333333333334,0.9152982823009987,0.8002141728314576,0.7233333333333334
3dino_rand,BraTS25-MET,0.6633333333333333,0.8724694314034069,0.7688142220450815,0.6766666666666666
3dino_rand,BraTS25-SSA,0.5066666666666667,0.9291719787060483,0.7435697149041183,0.6166666666666667
3dino_rand,BrainMetShare,0.32666666666666666,0.8293468710837777,0.6966041809490217,0.5433333333333333
3dino_rand,IXI,0.815,0.9318648222742977,0.8382016653401995,0.765
3dino_rand,MS-60,0.03333333333333333,0.38934003148466045,0.9207377569473181,0.8944444444444445
3dino_rand,MSLesSeg,0.6066666666666666,0.8289531889413921,0.7655401816017001,0.6566666666666666
3dino_rand,NSK-GBM,0.5,0.8868762482252681,0.8172898129175313,0.7202380952380952
3dino_rand,UPENN-GBM,0.5566666666666666,0.8993828884556914,0.7966685371731567,0.7
3dino_z,3D-MR-MS,0.6416666666666666,0.22063351409890558,0.9703922896853573,0.9416666666666667
3dino_z,BraTS25-MEN,0.7466666666666666,0.4288231766296269,0.902907246047894,0.78
3dino_z,BraTS25-MET,0.8366666666666668,0.5051298830710246,0.9180462303770341,0.8033333333333333
3dino_z,BraTS25-SSA,0.79,0.4493632027414463,0.8997085836396428,0.78
3dino_z,BrainMetShare,0.5844444444444444,0.29802946192824925,0.8605886982740829,0.6866666666666666
3dino_z,IXI,0.875,0.2908974315260361,0.9334085613593436,0.875
3dino_z,MS-60,0.17777777777777778,0.12865374014681438,0.8366069394221357,0.6277777777777778
3dino_z,MSLesSeg,0.6666666666666666,0.516566538988011,0.9413561681453735,0.8766666666666667
3dino_z,NSK-GBM,0.375,0.3034208826989732,0.9329648513145938,0.8809523809523809
3dino_z,UPENN-GBM,0.5366666666666666,0.2661093356671713,0.9452930534561699,0.86
medical_pct,3D-MR-MS,0.6333333333333333,0.6006157613544567,0.8725554104539293,0.875
medical_pct,BraTS25-MEN,0.77,0.8386029552071929,0.8353342127732001,0.82
medical_pct,BraTS25-MET,0.88,0.8290727774954413,0.8833179234081441,0.9033333333333333
medical_pct,BraTS25-SSA,0.6233333333333334,0.752927531536593,0.7541443645831484,0.65
medical_pct,BrainMetShare,0.4333333333333333,0.8188961413265883,0.7574211614898503,0.6833333333333333
medical_pct,IXI,0.9299999999999999,0.5968955301505421,0.9471047431171844,0.98
medical_pct,MS-60,0.0,0.6161340607337249,0.9485301345283141,0.95
medical_pct,MSLesSeg,0.7000000000000001,0.8047060199321865,0.8084545388692789,0.7033333333333334
medical_pct,NSK-GBM,0.5119047619047619,0.6230677537478879,0.9716356598277471,0.9880952380952381
medical_pct,UPENN-GBM,0.5066666666666667,0.6262880516808585,0.9120722453730982,0.9033333333333333
