representation,dataset_a,dataset_b,distance
handcrafted,3D-MR-MS,3D-MR-MS,0.0
handcrafted,3D-MR-MS,BGSP,1.9760966841443053
handcrafted,3D-MR-MS,BraTS25-MEN,1.6279340946169498
handcrafted,3D-MR-MS,BraTS25-MET,1.248733917521917
handcrafted,3D-MR-MS,BraTS25-SSA,1.596904723671317
handcrafted,3D-MR-MS,BrainMetShare,1.5225283466853516
handcrafted,3D-MR-MS,EPISURG,1.4953215475411832
handcrafted,3D-MR-MS,ISLES22,1.4637349942537132
handcrafted,3D-MR-MS,IXI,1.644592939923726
handcrafted,3D-MR-MS,MS-60,1.7993510325936375
handcrafted,3D-MR-MS,MSLesSeg,1.5614073052840984
handcrafted,3D-MR-MS,NFBS,1.5634614448540887
handcrafted,3D-MR-MS,NSK-GBM,1.6743450530794528
handcrafted,3D-MR-MS,OASIS-1,1.605056003084962
handcrafted,3D-MR-MS,OASIS-2,1.7218432277881872
handcrafted,3D-MR-MS,UMF-PD,1.5558964057167326
handcrafted,3D-MR-MS,UPENN-GBM,1.6495668000990722
handcrafted,BGSP,3D-MR-MS,1.9760966841443053
handcrafted,BGSP,BGSP,0.0
handcrafted,BGSP,BraTS25-MEN,1.0352239789182054
handcrafted,BGSP,BraTS25-MET,1.3190326607354734
handcrafted,BGSP,BraTS25-SSA,0.9583926733922773
handcrafted,BGSP,BrainMetShare,1.0071695897693183
handcrafted,BGSP,EPISURG,0.6582658448851122
handcrafted,BGSP,ISLES22,1.7716039609265706
handcrafted,BGSP,IXI,0.638349023849022
handcrafted,BGSP,MS-60,1.0978977903211289
handcrafted,BGSP,MSLesSeg,0.8796097927413311
handcrafted,BGSP,NFBS,1.125418041733239
handcrafted,BGSP,NSK-GBM,2.174823866258345
handcrafted,BGSP,OASIS-1,0.7881965865064369
handcrafted,BGSP,OASIS-2,0.6279022213075297
handcrafted,BGSP,UMF-PD,0.6755969782565818
handcrafted,BGSP,UPENN-GBM,0.5658151353840835
handcrafted,BraTS25-MEN,3D-MR-MS,1.6279340946169498
handcrafted,BraTS25-MEN,BGSP,1.0352239789182054
handcrafted,BraTS25-MEN,BraTS25-MEN,0.0
handcrafted,BraTS25-MEN,BraTS25-MET,0.6587184747136701
handcrafted,BraTS25-MEN,BraTS25-SSA,0.41653446478423656
handcrafted,BraTS25-MEN,BrainMetShare,0.43717265167493186
handcrafted,BraTS25-MEN,EPISURG,0.7000734942663683
handcrafted,BraTS25-MEN,ISLES22,1.2956906339330176
handcrafted,BraTS25-MEN,IXI,0.8991336339509571
handcrafted,BraTS25-MEN,MS-60,0.8446725658702897
handcrafted,BraTS25-MEN,MSLesSeg,0.4670391072361328
handcrafted,BraTS25-MEN,NFBS,0.6553003434583289
handcrafted,BraTS25-MEN,NSK-GBM,1.7132307637014366
handcrafted,BraTS25-MEN,OASIS-1,0.5765735969951918
handcrafted,BraTS25-MEN,OASIS-2,0.959207711784328
handcrafted,BraTS25-MEN,UMF-PD,0.6497053640514335
handcrafted,BraTS25-MEN,UPENN-GBM,0.8486961283752888
handcrafted,BraTS25-MET,3D-MR-MS,1.248733917521917
handcrafted,BraTS25-MET,BGSP,1.3190326607354734
handcrafted,BraTS25-MET,BraTS25-MEN,0.6587184747136701
handcrafted,BraTS25-MET,BraTS25-MET,0.0
handcrafted,BraTS25-MET,BraTS25-SSA,0.6174302985756739
handcrafted,BraTS25-MET,BrainMetShare,0.5078806041584623
handcrafted,BraTS25-MET,EPISURG,0.763587118765536
handcrafted,BraTS25-MET,ISLES22,0.8523735394254786
handcrafted,BraTS25-MET,IXI,0.9409150120030334
handcrafted,BraTS25-MET,MS-60,0.8206530696065806
handcrafted,BraTS25-MET,MSLesSeg,0.7277448669772757
handcrafted,BraTS25-MET,NFBS,0.6749679030014932
handcrafted,BraTS25-MET,NSK-GBM,1.4912205338984985
handcrafted,BraTS25-MET,OASIS-1,0.6932628757602329
handcrafted,BraTS25-MET,OASIS-2,1.0739585149623283
handcrafted,BraTS25-MET,UMF-PD,0.8497277428962208
handcrafted,BraTS25-MET,UPENN-GBM,0.9885234534365239
handcrafted,BraTS25-SSA,3D-MR-MS,1.596904723671317
handcrafted,BraTS25-SSA,BGSP,0.9583926733922773
handcrafted,BraTS25-SSA,BraTS25-MEN,0.41653446478423656
handcrafted,BraTS25-SSA,BraTS25-MET,0.6174302985756739
handcrafted,BraTS25-SSA,BraTS25-SSA,0.0
handcrafted,BraTS25-SSA,BrainMetShare,0.16266253228521244
handcrafted,BraTS25-SSA,EPISURG,0.6338841813372191
handcrafted,BraTS25-SSA,ISLES22,1.2093205381563132
handcrafted,BraTS25-SSA,IXI,0.8190076857276506
handcrafted,BraTS25-SSA,MS-60,0.775977021749397
handcrafted,BraTS25-SSA,MSLesSeg,0.23776311381973225
handcrafted,BraTS25-SSA,NFBS,0.45552280734429246
handcrafted,BraTS25-SSA,NSK-GBM,1.9002027168715925
handcrafted,BraTS25-SSA,OASIS-1,0.4544622785511091
handcrafted,BraTS25-SSA,OASIS-2,0.9379254870450742
handcrafted,BraTS25-SSA,UMF-PD,0.49171288948373065
handcrafted,BraTS25-SSA,UPENN-GBM,0.795290055403533
handcrafted,BrainMetShare,3D-MR-MS,1.5225283466853516
handcrafted,BrainMetShare,BGSP,1.0071695897693183
handcrafted,BrainMetShare,BraTS25-MEN,0.43717265167493186
handcrafted,BrainMetShare,BraTS25-MET,0.5078806041584623
handcrafted,BrainMetShare,BraTS25-SSA,0.16266253228521244
handcrafted,BrainMetShare,BrainMetShare,0.0
handcrafted,BrainMetShare,EPISURG,0.5804817954642258
handcrafted,BrainMetShare,ISLES22,1.1179485229096375
handcrafted,BrainMetShare,IXI,0.7663771381128562
handcrafted,BrainMetShare,MS-60,0.7072232385784801
handcrafted,BrainMetShare,MSLesSeg,0.3165321531861451
handcrafted,BrainMetShare,NFBS,0.5020463524841996
handcrafted,BrainMetShare,NSK-GBM,1.8174273486221635
handcrafted,BrainMetShare,OASIS-1,0.4504466185303979
handcrafted,BrainMetShare,OASIS-2,0.9141733396385576
handcrafted,BrainMetShare,UMF-PD,0.5091637920191122
handcrafted,BrainMetShare,UPENN-GBM,0.7608939942428431
handcrafted,EPISURG,3D-MR-MS,1.4953215475411832
handcrafted,EPISURG,BGSP,0.6582658448851122
handcrafted,EPISURG,BraTS25-MEN,0.7000734942663683
handcrafted,EPISURG,BraTS25-MET,0.763587118765536
handcrafted,EPISURG,BraTS25-SSA,0.6338841813372191
handcrafted,EPISURG,BrainMetShare,0.5804817954642258
handcrafted,EPISURG,EPISURG,0.0
handcrafted,EPISURG,ISLES22,1.290983781548832
handcrafted,EPISURG,IXI,0.31232734502994935
handcrafted,EPISURG,MS-60,0.7273226069698876
handcrafted,EPISURG,MSLesSeg,0.5950569494296811
handcrafted,EPISURG,NFBS,0.8394981962736908
handcrafted,EPISURG,NSK-GBM,1.73818307609539
handcrafted,EPISURG,OASIS-1,0.45826732156743055
handcrafted,EPISURG,OASIS-2,0.4489531269850929
handcrafted,EPISURG,UMF-PD,0.4560708135473726
handcrafted,EPISURG,UPENN-GBM,0.2650160461459631
handcrafted,ISLES22,3D-MR-MS,1.4637349942537132
handcrafted,ISLES22,BGSP,1.7716039609265706
handcrafted,ISLES22,BraTS25-MEN,1.2956906339330176
handcrafted,ISLES22,BraTS25-MET,0.8523735394254786
handcrafted,ISLES22,BraTS25-SSA,1.2093205381563132
handcrafted,ISLES22,BrainMetShare,1.1179485229096375
handcrafted,ISLES22,EPISURG,1.290983781548832
handcrafted,ISLES22,ISLES22,0.0
handcrafted,ISLES22,IXI,1.3571801926403386
handcrafted,ISLES22,MS-60,1.3398242177822757
handcrafted,ISLES22,MSLesSeg,1.2799773254392863
handcrafted,ISLES22,NFBS,1.1834947334813641
handcrafted,ISLES22,NSK-GBM,1.743224179158678
handcrafted,ISLES22,OASIS-1,1.2077026047539867
handcrafted,ISLES22,OASIS-2,1.525951290010055
handcrafted,ISLES22,UMF-PD,1.3481931500799818
handcrafted,ISLES22,UPENN-GBM,1.4989462854632432
handcrafted,IXI,3D-MR-MS,1.644592939923726
handcrafted,IXI,BGSP,0.638349023849022
handcrafted,IXI,BraTS25-MEN,0.8991336339509571
handcrafted,IXI,BraTS25-MET,0.9409150120030334
handcrafted,IXI,BraTS25-SSA,0.8190076857276506
handcrafted,IXI,BrainMetShare,0.7663771381128562
handcrafted,IXI,EPISURG,0.31232734502994935
handcrafted,IXI,ISLES22,1.3571801926403386
handcrafted,IXI,IXI,0.0
handcrafted,IXI,MS-60,0.7899492217075383
handcrafted,IXI,MSLesSeg,0.7906042910335551
handcrafted,IXI,NFBS,1.0143074369572478
handcrafted,IXI,NSK-GBM,1.8305590018056883
handcrafted,IXI,OASIS-1,0.6480054867827059
handcrafted,IXI,OASIS-2,0.5198146889187999
handcrafted,IXI,UMF-PD,0.6212409706411469
handcrafted,IXI,UPENN-GBM,0.28194846051239025
handcrafted,MS-60,3D-MR-MS,1.7993510325936375
handcrafted,MS-60,BGSP,1.0978977903211289
handcrafted,MS-60,BraTS25-MEN,0.8446725658702897
handcrafted,MS-60,BraTS25-MET,0.8206530696065806
handcrafted,MS-60,BraTS25-SSA,0.775977021749397
handcrafted,MS-60,BrainMetShare,0.7072232385784801
handcrafted,MS-60,EPISURG,0.7273226069698876
handcrafted,MS-60,ISLES22,1.3398242177822757
handcrafted,MS-60,IXI,0.7899492217075383
handcrafted,MS-60,MS-60,0.0
handcrafted,MS-60,MSLesSeg,0.8923381123382053
handcrafted,MS-60,NFBS,0.9382750320898257
handcrafted,MS-60,NSK-GBM,1.8798817343846752
handcrafted,MS-60,OASIS-1,0.6866331760385606
handcrafted,MS-60,OASIS-2,0.91883046764223
handcrafted,MS-60,UMF-PD,0.9423387471990531
handcrafted,MS-60,UPENN-GBM,0.7932376358603113
handcrafted,MSLesSeg,3D-MR-MS,1.5614073052840984
handcrafted,MSLesSeg,BGSP,0.8796097927413311
handcrafted,MSLesSeg,BraTS25-MEN,0.4670391072361328
handcrafted,MSLesSeg,BraTS25-MET,0.7277448669772757
handcrafted,MSLesSeg,BraTS25-SSA,0.23776311381973225
handcrafted,MSLesSeg,BrainMetShare,0.3165321531861451
handcrafted,MSLesSeg,EPISURG,0.5950569494296811
handcrafted,MSLesSeg,ISLES22,1.2799773254392863
handcrafted,MSLesSeg,IXI,0.7906042910335551
handcrafted,MSLesSeg,MS-60,0.8923381123382053
handcrafted,MSLesSeg,MSLesSeg,0.0
handcrafted,MSLesSeg,NFBS,0.46639077531723033
handcrafted,MSLesSeg,NSK-GBM,1.938247676485662
handcrafted,MSLesSeg,OASIS-1,0.421387014871731
handcrafted,MSLesSeg,OASIS-2,0.886357457317127
handcrafted,MSLesSeg,UMF-PD,0.3517444907200205
handcrafted,MSLesSeg,UPENN-GBM,0.7472691342776377
handcrafted,NFBS,3D-MR-MS,1.5634614448540887
handcrafted,NFBS,BGSP,1.125418041733239
handcrafted,NFBS,BraTS25-MEN,0.6553003434583289
handcrafted,NFBS,BraTS25-MET,0.6749679030014932
handcrafted,NFBS,BraTS25-SSA,0.45552280734429246
handcrafted,NFBS,BrainMetShare,0.5020463524841996
handcrafted,NFBS,EPISURG,0.8394981962736908
handcrafted,NFBS,ISLES22,1.1834947334813641
handcrafted,NFBS,IXI,1.0143074369572478
handcrafted,NFBS,MS-60,0.9382750320898257
handcrafted,NFBS,MSLesSeg,0.46639077531723033
handcrafted,NFBS,NFBS,0.0
handcrafted,NFBS,NSK-GBM,1.91944668201727
handcrafted,NFBS,OASIS-1,0.49935759307259464
handcrafted,NFBS,OASIS-2,1.1292329518072293
handcrafted,NFBS,UMF-PD,0.6241614763791566
handcrafted,NFBS,UPENN-GBM,1.041563254593366
handcrafted,NSK-GBM,3D-MR-MS,1.6743450530794528
handcrafted,NSK-GBM,BGSP,2.174823866258345
handcrafted,NSK-GBM,BraTS25-MEN,1.7132307637014366
handcrafted,NSK-GBM,BraTS25-MET,1.4912205338984985
handcrafted,NSK-GBM,BraTS25-SSA,1.9002027168715925
handcrafted,NSK-GBM,BrainMetShare,1.8174273486221635
handcrafted,NSK-GBM,EPISURG,1.73818307609539
handcrafted,NSK-GBM,ISLES22,1.743224179158678
handcrafted,NSK-GBM,IXI,1.8305590018056883
handcrafted,NSK-GBM,MS-60,1.8798817343846752
handcrafted,NSK-GBM,MSLesSeg,1.938247676485662
handcrafted,NSK-GBM,NFBS,1.91944668201727
handcrafted,NSK-GBM,NSK-GBM,0.0
handcrafted,NSK-GBM,OASIS-1,1.8404489561343318
handcrafted,NSK-GBM,OASIS-2,1.8912814362874386
handcrafted,NSK-GBM,UMF-PD,1.920006031149196
handcrafted,NSK-GBM,UPENN-GBM,1.8835224241884867
handcrafted,OASIS-1,3D-MR-MS,1.605056003084962
handcrafted,OASIS-1,BGSP,0.7881965865064369
handcrafted,OASIS-1,BraTS25-MEN,0.5765735969951918
handcrafted,OASIS-1,BraTS25-MET,0.6932628757602329
handcrafted,OASIS-1,BraTS25-SSA,0.4544622785511091
handcrafted,OASIS-1,BrainMetShare,0.4504466185303979
handcrafted,OASIS-1,EPISURG,0.45826732156743055
handcrafted,OASIS-1,ISLES22,1.2077026047539867
handcrafted,OASIS-1,IXI,0.6480054867827059
handcrafted,OASIS-1,MS-60,0.6866331760385606
handcrafted,OASIS-1,MSLesSeg,0.421387014871731
handcrafted,OASIS-1,NFBS,0.49935759307259464
handcrafted,OASIS-1,NSK-GBM,1.8404489561343318
handcrafted,OASIS-1,OASIS-1,0.0
handcrafted,OASIS-1,OASIS-2,0.6706675411644972
handcrafted,OASIS-1,UMF-PD,0.42435539906362774
handcrafted,OASIS-1,UPENN-GBM,0.6525367427734192
handcrafted,OASIS-2,3D-MR-MS,1.7218432277881872
handcrafted,OASIS-2,BGSP,0.6279022213075297
handcrafted,OASIS-2,BraTS25-MEN,0.959207711784328
handcrafted,OASIS-2,BraTS25-MET,1.0739585149623283
handcrafted,OASIS-2,BraTS25-SSA,0.9379254870450742
handcrafted,OASIS-2,BrainMetShare,0.9141733396385576
handcrafted,OASIS-2,EPISURG,0.4489531269850929
handcrafted,OASIS-2,ISLES22,1.525951290010055
handcrafted,OASIS-2,IXI,0.5198146889187999
handcrafted,OASIS-2,MS-60,0.91883046764223
handcrafted,OASIS-2,MSLesSeg,0.886357457317127
handcrafted,OASIS-2,NFBS,1.1292329518072293
handcrafted,OASIS-2,NSK-GBM,1.8912814362874386
handcrafted,OASIS-2,OASIS-1,0.6706675411644972
handcrafted,OASIS-2,OASIS-2,0.0
handcrafted,OASIS-2,UMF-PD,0.7515209031159239
handcrafted,OASIS-2,UPENN-GBM,0.4380151649672806
handcrafted,UMF-PD,3D-MR-MS,1.5558964057167326
handcrafted,UMF-PD,BGSP,0.6755969782565818
handcrafted,UMF-PD,BraTS25-MEN,0.6497053640514335
handcrafted,UMF-PD,BraTS25-MET,0.8497277428962208
handcrafted,UMF-PD,BraTS25-SSA,0.49171288948373065
handcrafted,UMF-PD,BrainMetShare,0.5091637920191122
handcrafted,UMF-PD,EPISURG,0.4560708135473726
handcrafted,UMF-PD,ISLES22,1.3481931500799818
handcrafted,UMF-PD,IXI,0.6212409706411469
handcrafted,UMF-PD,MS-60,0.9423387471990531
handcrafted,UMF-PD,MSLesSeg,0.3517444907200205
handcrafted,UMF-PD,NFBS,0.6241614763791566
handcrafted,UMF-PD,NSK-GBM,1.920006031149196
handcrafted,UMF-PD,OASIS-1,0.42435539906362774
handcrafted,UMF-PD,OASIS-2,0.7515209031159239
handcrafted,UMF-PD,UMF-PD,0.0
handcrafted,UMF-PD,UPENN-GBM,0.5985041175366526
handcrafted,UPENN-GBM,3D-MR-MS,1.6495668000990722
handcrafted,UPENN-GBM,BGSP,0.5658151353840835
handcrafted,UPENN-GBM,BraTS25-MEN,0.8486961283752888
handcrafted,UPENN-GBM,BraTS25-MET,0.9885234534365239
handcrafted,UPENN-GBM,BraTS25-SSA,0.795290055403533
handcrafted,UPENN-GBM,BrainMetShare,0.7608939942428431
handcrafted,UPENN-GBM,EPISURG,0.2650160461459631
handcrafted,UPENN-GBM,ISLES22,1.4989462854632432
handcrafted,UPENN-GBM,IXI,0.28194846051239025
handcrafted,UPENN-GBM,MS-60,0.7932376358603113
handcrafted,UPENN-GBM,MSLesSeg,0.7472691342776377
handcrafted,UPENN-GBM,NFBS,1.041563254593366
handcrafted,UPENN-GBM,NSK-GBM,1.8835224241884867
handcrafted,UPENN-GBM,OASIS-1,0.6525367427734192
handcrafted,UPENN-GBM,OASIS-2,0.4380151649672806
handcrafted,UPENN-GBM,UMF-PD,0.5985041175366526
handcrafted,UPENN-GBM,UPENN-GBM,0.0
untrained,3D-MR-MS,3D-MR-MS,0.0
untrained,3D-MR-MS,BGSP,0.6901106525638666
untrained,3D-MR-MS,BraTS25-MEN,0.6020510231261433
untrained,3D-MR-MS,BraTS25-MET,0.5614199839675066
untrained,3D-MR-MS,BraTS25-SSA,0.6158632812732819
untrained,3D-MR-MS,BrainMetShare,0.6567136423814055
untrained,3D-MR-MS,EPISURG,0.6398538570088014
untrained,3D-MR-MS,ISLES22,0.6088027889508817
untrained,3D-MR-MS,IXI,0.651187937760505
untrained,3D-MR-MS,MS-60,0.7301050870060243
untrained,3D-MR-MS,MSLesSeg,0.6635620728986993
untrained,3D-MR-MS,NFBS,0.6994541521318671
untrained,3D-MR-MS,NSK-GBM,0.6918364245808937
untrained,3D-MR-MS,OASIS-1,0.660830429024854
untrained,3D-MR-MS,OASIS-2,0.6666662789910922
untrained,3D-MR-MS,UMF-PD,0.6975564423970789
untrained,3D-MR-MS,UPENN-GBM,0.6653293419307673
untrained,BGSP,3D-MR-MS,0.6901106525638666
untrained,BGSP,BGSP,0.0
untrained,BGSP,BraTS25-MEN,0.5141310071298881
untrained,BGSP,BraTS25-MET,0.48625004533890315
untrained,BGSP,BraTS25-SSA,0.5206886811120147
untrained,BGSP,BrainMetShare,0.572511353155735
untrained,BGSP,EPISURG,0.5642911540456437
untrained,BGSP,ISLES22,0.5265807544234331
untrained,BGSP,IXI,0.5563124008748053
untrained,BGSP,MS-60,0.6594168400852476
untrained,BGSP,MSLesSeg,0.5684413230647943
untrained,BGSP,NFBS,0.6202072860832223
untrained,BGSP,NSK-GBM,0.6444221426392669
untrained,BGSP,OASIS-1,0.5811831411678864
untrained,BGSP,OASIS-2,0.5807432578156632
untrained,BGSP,UMF-PD,0.6900764100529586
untrained,BGSP,UPENN-GBM,0.5699129660522282
untrained,BraTS25-MEN,3D-MR-MS,0.6020510231261433
untrained,BraTS25-MEN,BGSP,0.5141310071298881
untrained,BraTS25-MEN,BraTS25-MEN,0.0
untrained,BraTS25-MEN,BraTS25-MET,0.24456730719867104
untrained,BraTS25-MEN,BraTS25-SSA,0.30703347489322325
untrained,BraTS25-MEN,BrainMetShare,0.4569883656563822
untrained,BraTS25-MEN,EPISURG,0.45825161805219805
untrained,BraTS25-MEN,ISLES22,0.3705295211422304
untrained,BraTS25-MEN,IXI,0.4608840094922484
untrained,BraTS25-MEN,MS-60,0.5718981662743462
untrained,BraTS25-MEN,MSLesSeg,0.4555303945204152
untrained,BraTS25-MEN,NFBS,0.5518098130758528
untrained,BraTS25-MEN,NSK-GBM,0.5550303290948192
untrained,BraTS25-MEN,OASIS-1,0.4779766490079924
untrained,BraTS25-MEN,OASIS-2,0.47586351595362125
untrained,BraTS25-MEN,UMF-PD,0.6060181227064607
untrained,BraTS25-MEN,UPENN-GBM,0.46424102550094865
untrained,BraTS25-MET,3D-MR-MS,0.5614199839675066
untrained,BraTS25-MET,BGSP,0.48625004533890315
untrained,BraTS25-MET,BraTS25-MEN,0.24456730719867104
untrained,BraTS25-MET,BraTS25-MET,0.0
untrained,BraTS25-MET,BraTS25-SSA,0.27079578357178075
untrained,BraTS25-MET,BrainMetShare,0.4283826941491342
untrained,BraTS25-MET,EPISURG,0.43225097202070806
untrained,BraTS25-MET,ISLES22,0.29190492613031754
untrained,BraTS25-MET,IXI,0.4272385941343332
untrained,BraTS25-MET,MS-60,0.5397804395087422
untrained,BraTS25-MET,MSLesSeg,0.4235898025008335
untrained,BraTS25-MET,NFBS,0.4768398436072701
untrained,BraTS25-MET,NSK-GBM,0.5325772120692703
untrained,BraTS25-MET,OASIS-1,0.45155776702418143
untrained,BraTS25-MET,OASIS-2,0.449295837586474
untrained,BraTS25-MET,UMF-PD,0.565856125853553
untrained,BraTS25-MET,UPENN-GBM,0.4356373388037044
untrained,BraTS25-SSA,3D-MR-MS,0.6158632812732819
untrained,BraTS25-SSA,BGSP,0.5206886811120147
untrained,BraTS25-SSA,BraTS25-MEN,0.30703347489322325
untrained,BraTS25-SSA,BraTS25-MET,0.27079578357178075
untrained,BraTS25-SSA,BraTS25-SSA,0.0
untrained,BraTS25-SSA,BrainMetShare,0.47942437322611386
untrained,BraTS25-SSA,EPISURG,0.46690375467031087
untrained,BraTS25-SSA,ISLES22,0.41304905774811546
untrained,BraTS25-SSA,IXI,0.46284595270950585
untrained,BraTS25-SSA,MS-60,0.5737693379745684
untrained,BraTS25-SSA,MSLesSeg,0.4555232254673839
untrained,BraTS25-SSA,NFBS,0.48511488559985844
untrained,BraTS25-SSA,NSK-GBM,0.553705043038782
untrained,BraTS25-SSA,OASIS-1,0.4844506258703015
untrained,BraTS25-SSA,OASIS-2,0.48400856421425287
untrained,BraTS25-SSA,UMF-PD,0.6049013258947581
untrained,BraTS25-SSA,UPENN-GBM,0.46574964989134393
untrained,BrainMetShare,3D-MR-MS,0.6567136423814055
untrained,BrainMetShare,BGSP,0.572511353155735
untrained,BrainMetShare,BraTS25-MEN,0.4569883656563822
untrained,BrainMetShare,BraTS25-MET,0.4283826941491342
untrained,BrainMetShare,BraTS25-SSA,0.47942437322611386
untrained,BrainMetShare,BrainMetShare,0.0
untrained,BrainMetShare,EPISURG,0.5227191132724174
untrained,BrainMetShare,ISLES22,0.4746512654978789
untrained,BrainMetShare,IXI,0.5237957824369307
untrained,BrainMetShare,MS-60,0.620460748639527
untrained,BrainMetShare,MSLesSeg,0.5164055584736102
untrained,BrainMetShare,NFBS,0.5717627820148139
untrained,BrainMetShare,NSK-GBM,0.6039803193537744
untrained,BrainMetShare,OASIS-1,0.538871638924417
untrained,BrainMetShare,OASIS-2,0.5409875716399021
untrained,BrainMetShare,UMF-PD,0.6529982330885052
untrained,BrainMetShare,UPENN-GBM,0.5267317471619765
untrained,EPISURG,3D-MR-MS,0.6398538570088014
untrained,EPISURG,BGSP,0.5642911540456437
untrained,EPISURG,BraTS25-MEN,0.45825161805219805
untrained,EPISURG,BraTS25-MET,0.43225097202070806
untrained,EPISURG,BraTS25-SSA,0.46690375467031087
untrained,EPISURG,BrainMetShare,0.5227191132724174
untrained,EPISURG,EPISURG,0.0
untrained,EPISURG,ISLES22,0.47397038001984537
untrained,EPISURG,IXI,0.5110816034480857
untrained,EPISURG,MS-60,0.617745533254081
untrained,EPISURG,MSLesSeg,0.5188922026569234
untrained,EPISURG,NFBS,0.5724990148643053
untrained,EPISURG,NSK-GBM,0.6055400301574538
untrained,EPISURG,OASIS-1,0.5332547492841695
untrained,EPISURG,OASIS-2,0.5338345943595028
untrained,EPISURG,UMF-PD,0.5923414441471029
untrained,EPISURG,UPENN-GBM,0.5065714039295329
untrained,ISLES22,3D-MR-MS,0.6088027889508817
untrained,ISLES22,BGSP,0.5265807544234331
untrained,ISLES22,BraTS25-MEN,0.3705295211422304
untrained,ISLES22,BraTS25-MET,0.29190492613031754
untrained,ISLES22,BraTS25-SSA,0.41304905774811546
untrained,ISLES22,BrainMetShare,0.4746512654978789
untrained,ISLES22,EPISURG,0.47397038001984537
untrained,ISLES22,ISLES22,0.0
untrained,ISLES22,IXI,0.4724226788495033
untrained,ISLES22,MS-60,0.5774746402448417
untrained,ISLES22,MSLesSeg,0.46717859025789465
untrained,ISLES22,NFBS,0.4003580428619796
untrained,ISLES22,NSK-GBM,0.5686885641954175
untrained,ISLES22,OASIS-1,0.494027580505902
untrained,ISLES22,OASIS-2,0.49269204130585637
untrained,ISLES22,UMF-PD,0.6157137106187692
untrained,ISLES22,UPENN-GBM,0.47806947486825835
untrained,IXI,3D-MR-MS,0.651187937760505
untrained,IXI,BGSP,0.5563124008748053
untrained,IXI,BraTS25-MEN,0.4608840094922484
untrained,IXI,BraTS25-MET,0.4272385941343332
untrained,IXI,BraTS25-SSA,0.46284595270950585
untrained,IXI,BrainMetShare,0.5237957824369307
untrained,IXI,EPISURG,0.5110816034480857
untrained,IXI,ISLES22,0.4724226788495033
untrained,IXI,IXI,0.0
untrained,IXI,MS-60,0.6157212666339931
untrained,IXI,MSLesSeg,0.5167595613412443
untrained,IXI,NFBS,0.5797657179191691
untrained,IXI,NSK-GBM,0.5909317368442092
untrained,IXI,OASIS-1,0.5326676824929426
untrained,IXI,OASIS-2,0.5257097300109798
untrained,IXI,UMF-PD,0.6303566462699633
untrained,IXI,UPENN-GBM,0.5083820615940211
untrained,MS-60,3D-MR-MS,0.7301050870060243
untrained,MS-60,BGSP,0.6594168400852476
untrained,MS-60,BraTS25-MEN,0.5718981662743462
untrained,MS-60,BraTS25-MET,0.5397804395087422
untrained,MS-60,BraTS25-SSA,0.5737693379745684
untrained,MS-60,BrainMetShare,0.620460748639527
untrained,MS-60,EPISURG,0.617745533254081
untrained,MS-60,ISLES22,0.5774746402448417
untrained,MS-60,IXI,0.6157212666339931
untrained,MS-60,MS-60,0.0
untrained,MS-60,MSLesSeg,0.614592921323852
untrained,MS-60,NFBS,0.6611728684477364
untrained,MS-60,NSK-GBM,0.6913200836966541
untrained,MS-60,OASIS-1,0.6297559799012931
untrained,MS-60,OASIS-2,0.6308240807644935
untrained,MS-60,UMF-PD,0.7287233639300696
untrained,MS-60,UPENN-GBM,0.6182211900148824
untrained,MSLesSeg,3D-MR-MS,0.6635620728986993
untrained,MSLesSeg,BGSP,0.5684413230647943
untrained,MSLesSeg,BraTS25-MEN,0.4555303945204152
untrained,MSLesSeg,BraTS25-MET,0.4235898025008335
untrained,MSLesSeg,BraTS25-SSA,0.4555232254673839
untrained,MSLesSeg,BrainMetShare,0.5164055584736102
untrained,MSLesSeg,EPISURG,0.5188922026569234
untrained,MSLesSeg,ISLES22,0.46717859025789465
untrained,MSLesSeg,IXI,0.5167595613412443
untrained,MSLesSeg,MS-60,0.614592921323852
untrained,MSLesSeg,MSLesSeg,0.0
untrained,MSLesSeg,NFBS,0.5772190472107437
untrained,MSLesSeg,NSK-GBM,0.5962677875276381
untrained,MSLesSeg,OASIS-1,0.5329222923684953
untrained,MSLesSeg,OASIS-2,0.534925467431977
untrained,MSLesSeg,UMF-PD,0.6473370495163869
untrained,MSLesSeg,UPENN-GBM,0.523138280850811
untrained,NFBS,3D-MR-MS,0.6994541521318671
untrained,NFBS,BGSP,0.6202072860832223
untrained,NFBS,BraTS25-MEN,0.5518098130758528
untrained,NFBS,BraTS25-MET,0.4768398436072701
untrained,NFBS,BraTS25-SSA,0.48511488559985844
untrained,NFBS,BrainMetShare,0.5717627820148139
untrained,NFBS,EPISURG,0.5724990148643053
untrained,NFBS,ISLES22,0.4003580428619796
untrained,NFBS,IXI,0.5797657179191691
untrained,NFBS,MS-60,0.6611728684477364
untrained,NFBS,MSLesSeg,0.5772190472107437
untrained,NFBS,NFBS,0.0
untrained,NFBS,NSK-GBM,0.653236623609924
untrained,NFBS,OASIS-1,0.5895706718338953
untrained,NFBS,OASIS-2,0.5863231033699401
untrained,NFBS,UMF-PD,0.6790258209574749
untrained,NFBS,UPENN-GBM,0.5756666971118768
untrained,NSK-GBM,3D-MR-MS,0.6918364245808937
untrained,NSK-GBM,BGSP,0.6444221426392669
untrained,NSK-GBM,BraTS25-MEN,0.5550303290948192
untrained,NSK-GBM,BraTS25-MET,0.5325772120692703
untrained,NSK-GBM,BraTS25-SSA,0.553705043038782
untrained,NSK-GBM,BrainMetShare,0.6039803193537744
untrained,NSK-GBM,EPISURG,0.6055400301574538
untrained,NSK-GBM,ISLES22,0.5686885641954175
untrained,NSK-GBM,IXI,0.5909317368442092
untrained,NSK-GBM,MS-60,0.6913200836966541
untrained,NSK-GBM,MSLesSeg,0.5962677875276381
untrained,NSK-GBM,NFBS,0.653236623609924
untrained,NSK-GBM,NSK-GBM,0.0
untrained,NSK-GBM,OASIS-1,0.615698932768578
untrained,NSK-GBM,OASIS-2,0.6103442189561089
untrained,NSK-GBM,UMF-PD,0.6901218181913501
untrained,NSK-GBM,UPENN-GBM,0.5895437529710675
untrained,OASIS-1,3D-MR-MS,0.660830429024854
untrained,OASIS-1,BGSP,0.5811831411678864
untrained,OASIS-1,BraTS25-MEN,0.4779766490079924
untrained,OASIS-1,BraTS25-MET,0.45155776702418143
untrained,OASIS-1,BraTS25-SSA,0.4844506258703015
untrained,OASIS-1,BrainMetShare,0.538871638924417
untrained,OASIS-1,EPISURG,0.5332547492841695
untrained,OASIS-1,ISLES22,0.494027580505902
untrained,OASIS-1,IXI,0.5326676824929426
untrained,OASIS-1,MS-60,0.6297559799012931
untrained,OASIS-1,MSLesSeg,0.5329222923684953
untrained,OASIS-1,NFBS,0.5895706718338953
untrained,OASIS-1,NSK-GBM,0.615698932768578
untrained,OASIS-1,OASIS-1,0.0
untrained,OASIS-1,OASIS-2,0.5495360050464627
untrained,OASIS-1,UMF-PD,0.6485593314869017
untrained,OASIS-1,UPENN-GBM,0.534698683972319
untrained,OASIS-2,3D-MR-MS,0.6666662789910922
untrained,OASIS-2,BGSP,0.5807432578156632
untrained,OASIS-2,BraTS25-MEN,0.47586351595362125
untrained,OASIS-2,BraTS25-MET,0.449295837586474
untrained,OASIS-2,BraTS25-SSA,0.48400856421425287
untrained,OASIS-2,BrainMetShare,0.5409875716399021
untrained,OASIS-2,EPISURG,0.5338345943595028
untrained,OASIS-2,ISLES22,0.49269204130585637
untrained,OASIS-2,IXI,0.5257097300109798
untrained,OASIS-2,MS-60,0.6308240807644935
untrained,OASIS-2,MSLesSeg,0.534925467431977
untrained,OASIS-2,NFBS,0.5863231033699401
untrained,OASIS-2,NSK-GBM,0.6103442189561089
untrained,OASIS-2,OASIS-1,0.5495360050464627
untrained,OASIS-2,OASIS-2,0.0
untrained,OASIS-2,UMF-PD,0.6601355571079475
untrained,OASIS-2,UPENN-GBM,0.534433108152404
untrained,UMF-PD,3D-MR-MS,0.6975564423970789
untrained,UMF-PD,BGSP,0.6900764100529586
untrained,UMF-PD,BraTS25-MEN,0.6060181227064607
untrained,UMF-PD,BraTS25-MET,0.565856125853553
untrained,UMF-PD,BraTS25-SSA,0.6049013258947581
untrained,UMF-PD,BrainMetShare,0.6529982330885052
untrained,UMF-PD,EPISURG,0.5923414441471029
untrained,UMF-PD,ISLES22,0.6157137106187692
untrained,UMF-PD,IXI,0.6303566462699633
untrained,UMF-PD,MS-60,0.7287233639300696
untrained,UMF-PD,MSLesSeg,0.6473370495163869
untrained,UMF-PD,NFBS,0.6790258209574749
untrained,UMF-PD,NSK-GBM,0.6901218181913501
untrained,UMF-PD,OASIS-1,0.6485593314869017
untrained,UMF-PD,OASIS-2,0.6601355571079475
untrained,UMF-PD,UMF-PD,0.0
untrained,UMF-PD,UPENN-GBM,0.6302855519502569
untrained,UPENN-GBM,3D-MR-MS,0.6653293419307673
untrained,UPENN-GBM,BGSP,0.5699129660522282
untrained,UPENN-GBM,BraTS25-MEN,0.46424102550094865
untrained,UPENN-GBM,BraTS25-MET,0.4356373388037044
untrained,UPENN-GBM,BraTS25-SSA,0.46574964989134393
untrained,UPENN-GBM,BrainMetShare,0.5267317471619765
untrained,UPENN-GBM,EPISURG,0.5065714039295329
untrained,UPENN-GBM,ISLES22,0.47806947486825835
untrained,UPENN-GBM,IXI,0.5083820615940211
untrained,UPENN-GBM,MS-60,0.6182211900148824
untrained,UPENN-GBM,MSLesSeg,0.523138280850811
untrained,UPENN-GBM,NFBS,0.5756666971118768
untrained,UPENN-GBM,NSK-GBM,0.5895437529710675
untrained,UPENN-GBM,OASIS-1,0.534698683972319
untrained,UPENN-GBM,OASIS-2,0.534433108152404
untrained,UPENN-GBM,UMF-PD,0.6302855519502569
untrained,UPENN-GBM,UPENN-GBM,0.0
medical,3D-MR-MS,3D-MR-MS,0.0
medical,3D-MR-MS,BGSP,0.6897069495552323
medical,3D-MR-MS,BraTS25-MEN,0.6048330324999016
medical,3D-MR-MS,BraTS25-MET,0.5816539876868704
medical,3D-MR-MS,BraTS25-SSA,0.5994092105487636
medical,3D-MR-MS,BrainMetShare,0.6527708976566309
medical,3D-MR-MS,EPISURG,0.6374339837361997
medical,3D-MR-MS,ISLES22,0.6102192534621091
medical,3D-MR-MS,IXI,0.6583510330584682
medical,3D-MR-MS,MS-60,0.7344105753113123
medical,3D-MR-MS,MSLesSeg,0.654004407901449
medical,3D-MR-MS,NFBS,0.7090360719656209
medical,3D-MR-MS,NSK-GBM,0.7225227318179208
medical,3D-MR-MS,OASIS-1,0.6606850697007997
medical,3D-MR-MS,OASIS-2,0.6622075636317362
medical,3D-MR-MS,UMF-PD,0.7306141830247672
medical,3D-MR-MS,UPENN-GBM,0.6502780272064288
medical,BGSP,3D-MR-MS,0.6897069495552323
medical,BGSP,BGSP,0.0
medical,BGSP,BraTS25-MEN,0.502713058827527
medical,BGSP,BraTS25-MET,0.49426170831133
medical,BGSP,BraTS25-SSA,0.49375097058221695
medical,BGSP,BrainMetShare,0.5397181798978711
medical,BGSP,EPISURG,0.5545274641061626
medical,BGSP,ISLES22,0.5151500776511838
medical,BGSP,IXI,0.5433548394551252
medical,BGSP,MS-60,0.6585506535067492
medical,BGSP,MSLesSeg,0.5607264905461603
medical,BGSP,NFBS,0.6385579009325322
medical,BGSP,NSK-GBM,0.6451927484706399
medical,BGSP,OASIS-1,0.5752381740016168
medical,BGSP,OASIS-2,0.5702541211003145
medical,BGSP,UMF-PD,0.7086863123750894
medical,BGSP,UPENN-GBM,0.5575997796009271
medical,BraTS25-MEN,3D-MR-MS,0.6048330324999016
medical,BraTS25-MEN,BGSP,0.502713058827527
medical,BraTS25-MEN,BraTS25-MEN,0.0
medical,BraTS25-MEN,BraTS25-MET,0.2749925806797985
medical,BraTS25-MEN,BraTS25-SSA,0.25182925037984
medical,BraTS25-MEN,BrainMetShare,0.3981635331053859
medical,BraTS25-MEN,EPISURG,0.43923643548623065
medical,BraTS25-MEN,ISLES22,0.3865191228433613
medical,BraTS25-MEN,IXI,0.4470539931526237
medical,BraTS25-MEN,MS-60,0.5690690940060639
medical,BraTS25-MEN,MSLesSeg,0.43918151838733016
medical,BraTS25-MEN,NFBS,0.5430768861768273
medical,BraTS25-MEN,NSK-GBM,0.5495724281584891
medical,BraTS25-MEN,OASIS-1,0.4680817178256964
medical,BraTS25-MEN,OASIS-2,0.4691000218379485
medical,BraTS25-MEN,UMF-PD,0.6327622650300461
medical,BraTS25-MEN,UPENN-GBM,0.453103420925465
medical,BraTS25-MET,3D-MR-MS,0.5816539876868704
medical,BraTS25-MET,BGSP,0.49426170831133
medical,BraTS25-MET,BraTS25-MEN,0.2749925806797985
medical,BraTS25-MET,BraTS25-MET,0.0
medical,BraTS25-MET,BraTS25-SSA,0.25409477583775697
medical,BraTS25-MET,BrainMetShare,0.38358443254856855
medical,BraTS25-MET,EPISURG,0.423053011924981
medical,BraTS25-MET,ISLES22,0.30592219192139025
medical,BraTS25-MET,IXI,0.4278520186832159
medical,BraTS25-MET,MS-60,0.5592991034279807
medical,BraTS25-MET,MSLesSeg,0.4213801889905218
medical,BraTS25-MET,NFBS,0.4977630517679855
medical,BraTS25-MET,NSK-GBM,0.5348761588906106
medical,BraTS25-MET,OASIS-1,0.4557411034661235
medical,BraTS25-MET,OASIS-2,0.45253422258465376
medical,BraTS25-MET,UMF-PD,0.6272563045554066
medical,BraTS25-MET,UPENN-GBM,0.4334787467773683
medical,BraTS25-SSA,3D-MR-MS,0.5994092105487636
medical,BraTS25-SSA,BGSP,0.49375097058221695
medical,BraTS25-SSA,BraTS25-MEN,0.25182925037984
medical,BraTS25-SSA,BraTS25-MET,0.25409477583775697
medical,BraTS25-SSA,BraTS25-SSA,0.0
medical,BraTS25-SSA,BrainMetShare,0.39226010727845856
medical,BraTS25-SSA,EPISURG,0.4404058077405414
medical,BraTS25-SSA,ISLES22,0.3467671636285158
medical,BraTS25-SSA,IXI,0.4408008197482146
medical,BraTS25-SSA,MS-60,0.5617371526282381
medical,BraTS25-SSA,MSLesSeg,0.4270478514700707
medical,BraTS25-SSA,NFBS,0.5343469024571118
medical,BraTS25-SSA,NSK-GBM,0.5458573306243665
medical,BraTS25-SSA,OASIS-1,0.46211904842008455
medical,BraTS25-SSA,OASIS-2,0.462102928283324
medical,BraTS25-SSA,UMF-PD,0.6191355809399417
medical,BraTS25-SSA,UPENN-GBM,0.431198790901276
medical,BrainMetShare,3D-MR-MS,0.6527708976566309
medical,BrainMetShare,BGSP,0.5397181798978711
medical,BrainMetShare,BraTS25-MEN,0.3981635331053859
medical,BrainMetShare,BraTS25-MET,0.38358443254856855
medical,BrainMetShare,BraTS25-SSA,0.39226010727845856
medical,BrainMetShare,BrainMetShare,0.0
medical,BrainMetShare,EPISURG,0.48823533960570803
medical,BrainMetShare,ISLES22,0.42418516375153204
medical,BrainMetShare,IXI,0.4888647396526987
medical,BrainMetShare,MS-60,0.5999428300028957
medical,BrainMetShare,MSLesSeg,0.4961353743721528
medical,BrainMetShare,NFBS,0.5767871664346638
medical,BrainMetShare,NSK-GBM,0.590222975716084
medical,BrainMetShare,OASIS-1,0.5101261024577415
medical,BrainMetShare,OASIS-2,0.5099197797987833
medical,BrainMetShare,UMF-PD,0.6511433864804034
medical,BrainMetShare,UPENN-GBM,0.4969982978600512
medical,EPISURG,3D-MR-MS,0.6374339837361997
medical,EPISURG,BGSP,0.5545274641061626
medical,EPISURG,BraTS25-MEN,0.43923643548623065
medical,EPISURG,BraTS25-MET,0.423053011924981
medical,EPISURG,BraTS25-SSA,0.4404058077405414
medical,EPISURG,BrainMetShare,0.48823533960570803
medical,EPISURG,EPISURG,0.0
medical,EPISURG,ISLES22,0.46478089006214646
medical,EPISURG,IXI,0.49536043655966555
medical,EPISURG,MS-60,0.6155942983282239
medical,EPISURG,MSLesSeg,0.5104516119152764
medical,EPISURG,NFBS,0.5914439310028644
medical,EPISURG,NSK-GBM,0.5907745510109146
medical,EPISURG,OASIS-1,0.5253630641002863
medical,EPISURG,OASIS-2,0.5230005052058149
medical,EPISURG,UMF-PD,0.623243062988023
medical,EPISURG,UPENN-GBM,0.48727945985912424
medical,ISLES22,3D-MR-MS,0.6102192534621091
medical,ISLES22,BGSP,0.5151500776511838
medical,ISLES22,BraTS25-MEN,0.3865191228433613
medical,ISLES22,BraTS25-MET,0.30592219192139025
medical,ISLES22,BraTS25-SSA,0.3467671636285158
medical,ISLES22,BrainMetShare,0.42418516375153204
medical,ISLES22,EPISURG,0.46478089006214646
medical,ISLES22,ISLES22,0.0
medical,ISLES22,IXI,0.46786318224732804
medical,ISLES22,MS-60,0.589715873582201
medical,ISLES22,MSLesSeg,0.47083876827247395
medical,ISLES22,NFBS,0.4791250369505036
medical,ISLES22,NSK-GBM,0.5710239686883383
medical,ISLES22,OASIS-1,0.4955808965930747
medical,ISLES22,OASIS-2,0.49447252841686734
medical,ISLES22,UMF-PD,0.6470341238213299
medical,ISLES22,UPENN-GBM,0.4751808892708993
medical,IXI,3D-MR-MS,0.6583510330584682
medical,IXI,BGSP,0.5433548394551252
medical,IXI,BraTS25-MEN,0.4470539931526237
medical,IXI,BraTS25-MET,0.4278520186832159
medical,IXI,BraTS25-SSA,0.4408008197482146
medical,IXI,BrainMetShare,0.4888647396526987
medical,IXI,EPISURG,0.49536043655966555
medical,IXI,ISLES22,0.46786318224732804
medical,IXI,IXI,0.0
medical,IXI,MS-60,0.6168359925721798
medical,IXI,MSLesSeg,0.5148145755554623
medical,IXI,NFBS,0.600225549234785
medical,IXI,NSK-GBM,0.5922272503355477
medical,IXI,OASIS-1,0.5278675137991007
medical,IXI,OASIS-2,0.520165160731617
medical,IXI,UMF-PD,0.6695821523984067
medical,IXI,UPENN-GBM,0.48974952359582696
medical,MS-60,3D-MR-MS,0.7344105753113123
medical,MS-60,BGSP,0.6585506535067492
medical,MS-60,BraTS25-MEN,0.5690690940060639
medical,MS-60,BraTS25-MET,0.5592991034279807
medical,MS-60,BraTS25-SSA,0.5617371526282381
medical,MS-60,BrainMetShare,0.5999428300028957
medical,MS-60,EPISURG,0.6155942983282239
medical,MS-60,ISLES22,0.589715873582201
medical,MS-60,IXI,0.6168359925721798
medical,MS-60,MS-60,0.0
medical,MS-60,MSLesSeg,0.6225679268450103
medical,MS-60,NFBS,0.6887095472998638
medical,MS-60,NSK-GBM,0.697486494977365
medical,MS-60,OASIS-1,0.6345087664155913
medical,MS-60,OASIS-2,0.6363631872073978
medical,MS-60,UMF-PD,0.7609778914380627
medical,MS-60,UPENN-GBM,0.6209610960473816
medical,MSLesSeg,3D-MR-MS,0.654004407901449
medical,MSLesSeg,BGSP,0.5607264905461603
medical,MSLesSeg,BraTS25-MEN,0.43918151838733016
medical,MSLesSeg,BraTS25-MET,0.4213801889905218
medical,MSLesSeg,BraTS25-SSA,0.4270478514700707
medical,MSLesSeg,BrainMetShare,0.4961353743721528
medical,MSLesSeg,EPISURG,0.5104516119152764
medical,MSLesSeg,ISLES22,0.47083876827247395
medical,MSLesSeg,IXI,0.5148145755554623
medical,MSLesSeg,MS-60,0.6225679268450103
medical,MSLesSeg,MSLesSeg,0.0
medical,MSLesSeg,NFBS,0.608482966536601
medical,MSLesSeg,NSK-GBM,0.6078075447029164
medical,MSLesSeg,OASIS-1,0.5323313558310755
medical,MSLesSeg,OASIS-2,0.5330362976008477
medical,MSLesSeg,UMF-PD,0.6787344642841093
medical,MSLesSeg,UPENN-GBM,0.5125530035699276
medical,NFBS,3D-MR-MS,0.7090360719656209
medical,NFBS,BGSP,0.6385579009325322
medical,NFBS,BraTS25-MEN,0.5430768861768273
medical,NFBS,BraTS25-MET,0.4977630517679855
medical,NFBS,BraTS25-SSA,0.5343469024571118
medical,NFBS,BrainMetShare,0.5767871664346638
medical,NFBS,EPISURG,0.5914439310028644
medical,NFBS,ISLES22,0.4791250369505036
medical,NFBS,IXI,0.600225549234785
medical,NFBS,MS-60,0.6887095472998638
medical,NFBS,MSLesSeg,0.608482966536601
medical,NFBS,NFBS,0.0
medical,NFBS,NSK-GBM,0.6873630747855846
medical,NFBS,OASIS-1,0.6137978990935725
medical,NFBS,OASIS-2,0.6131657974541848
medical,NFBS,UMF-PD,0.7505303560195681
medical,NFBS,UPENN-GBM,0.5925615947750852
medical,NSK-GBM,3D-MR-MS,0.7225227318179208
medical,NSK-GBM,BGSP,0.6451927484706399
medical,NSK-GBM,BraTS25-MEN,0.5495724281584891
medical,NSK-GBM,BraTS25-MET,0.5348761588906106
medical,NSK-GBM,BraTS25-SSA,0.5458573306243665
medical,NSK-GBM,BrainMetShare,0.590222975716084
medical,NSK-GBM,EPISURG,0.5907745510109146
medical,NSK-GBM,ISLES22,0.5710239686883383
medical,NSK-GBM,IXI,0.5922272503355477
medical,NSK-GBM,MS-60,0.697486494977365
medical,NSK-GBM,MSLesSeg,0.6078075447029164
medical,NSK-GBM,NFBS,0.6873630747855846
medical,NSK-GBM,NSK-GBM,0.0
medical,NSK-GBM,OASIS-1,0.6168251963447905
medical,NSK-GBM,OASIS-2,0.6220475420246199
medical,NSK-GBM,UMF-PD,0.7277549846018978
medical,NSK-GBM,UPENN-GBM,0.597780893857766
medical,OASIS-1,3D-MR-MS,0.6606850697007997
medical,OASIS-1,BGSP,0.5752381740016168
medical,OASIS-1,BraTS25-MEN,0.4680817178256964
medical,OASIS-1,BraTS25-MET,0.4557411034661235
medical,OASIS-1,BraTS25-SSA,0.46211904842008455
medical,OASIS-1,BrainMetShare,0.5101261024577415
medical,OASIS-1,EPISURG,0.5253630641002863
medical,OASIS-1,ISLES22,0.4955808965930747
medical,OASIS-1,IXI,0.5278675137991007
medical,OASIS-1,MS-60,0.6345087664155913
medical,OASIS-1,MSLesSeg,0.5323313558310755
medical,OASIS-1,NFBS,0.6137978990935725
medical,OASIS-1,NSK-GBM,0.6168251963447905
medical,OASIS-1,OASIS-1,0.0
medical,OASIS-1,OASIS-2,0.5475038326328046
medical,OASIS-1,UMF-PD,0.6825089337946112
medical,OASIS-1,UPENN-GBM,0.5276759627198302
medical,OASIS-2,3D-MR-MS,0.6622075636317362
medical,OASIS-2,BGSP,0.5702541211003145
medical,OASIS-2,BraTS25-MEN,0.4691000218379485
medical,OASIS-2,BraTS25-MET,0.45253422258465376
medical,OASIS-2,BraTS25-SSA,0.462102928283324
medical,OASIS-2,BrainMetShare,0.5099197797987833
medical,OASIS-2,EPISURG,0.5230005052058149
medical,OASIS-2,ISLES22,0.49447252841686734
medical,OASIS-2,IXI,0.520165160731617
medical,OASIS-2,MS-60,0.6363631872073978
medical,OASIS-2,MSLesSeg,0.5330362976008477
medical,OASIS-2,NFBS,0.6131657974541848
medical,OASIS-2,NSK-GBM,0.6220475420246199
medical,OASIS-2,OASIS-1,0.5475038326328046
medical,OASIS-2,OASIS-2,0.0
medical,OASIS-2,UMF-PD,0.6930994313545451
medical,OASIS-2,UPENN-GBM,0.5298470484955352
medical,UMF-PD,3D-MR-MS,0.7306141830247672
medical,UMF-PD,BGSP,0.7086863123750894
medical,UMF-PD,BraTS25-MEN,0.6327622650300461
medical,UMF-PD,BraTS25-MET,0.6272563045554066
medical,UMF-PD,BraTS25-SSA,0.6191355809399417
medical,UMF-PD,BrainMetShare,0.6511433864804034
medical,UMF-PD,EPISURG,0.623243062988023
medical,UMF-PD,ISLES22,0.6470341238213299
medical,UMF-PD,IXI,0.6695821523984067
medical,UMF-PD,MS-60,0.7609778914380627
medical,UMF-PD,MSLesSeg,0.6787344642841093
medical,UMF-PD,NFBS,0.7505303560195681
medical,UMF-PD,NSK-GBM,0.7277549846018978
medical,UMF-PD,OASIS-1,0.6825089337946112
medical,UMF-PD,OASIS-2,0.6930994313545451
medical,UMF-PD,UMF-PD,0.0
medical,UMF-PD,UPENN-GBM,0.6562844367362852
medical,UPENN-GBM,3D-MR-MS,0.6502780272064288
medical,UPENN-GBM,BGSP,0.5575997796009271
medical,UPENN-GBM,BraTS25-MEN,0.453103420925465
medical,UPENN-GBM,BraTS25-MET,0.4334787467773683
medical,UPENN-GBM,BraTS25-SSA,0.431198790901276
medical,UPENN-GBM,BrainMetShare,0.4969982978600512
medical,UPENN-GBM,EPISURG,0.48727945985912424
medical,UPENN-GBM,ISLES22,0.4751808892708993
medical,UPENN-GBM,IXI,0.48974952359582696
medical,UPENN-GBM,MS-60,0.6209610960473816
medical,UPENN-GBM,MSLesSeg,0.5125530035699276
medical,UPENN-GBM,NFBS,0.5925615947750852
medical,UPENN-GBM,NSK-GBM,0.597780893857766
medical,UPENN-GBM,OASIS-1,0.5276759627198302
medical,UPENN-GBM,OASIS-2,0.5298470484955352
medical,UPENN-GBM,UMF-PD,0.6562844367362852
medical,UPENN-GBM,UPENN-GBM,0.0
selfsup,3D-MR-MS,3D-MR-MS,0.0
selfsup,3D-MR-MS,BGSP,0.542156102673985
selfsup,3D-MR-MS,BraTS25-MEN,0.41659105629464205
selfsup,3D-MR-MS,BraTS25-MET,0.33449290188345426
selfsup,3D-MR-MS,BraTS25-SSA,0.3922244724806035
selfsup,3D-MR-MS,BrainMetShare,0.4103791861436724
selfsup,3D-MR-MS,EPISURG,0.4186769501424571
selfsup,3D-MR-MS,ISLES22,0.32241474729721464
selfsup,3D-MR-MS,IXI,0.4752465518713217
selfsup,3D-MR-MS,MS-60,0.5340637101119264
selfsup,3D-MR-MS,MSLesSeg,0.4607122244976649
selfsup,3D-MR-MS,NFBS,0.3995614699891471
selfsup,3D-MR-MS,NSK-GBM,0.4547202705842076
selfsup,3D-MR-MS,OASIS-1,0.4504550274589658
selfsup,3D-MR-MS,OASIS-2,0.5116816863709743
selfsup,3D-MR-MS,UMF-PD,0.4210569848563499
selfsup,3D-MR-MS,UPENN-GBM,0.47147812393343225
selfsup,BGSP,3D-MR-MS,0.542156102673985
selfsup,BGSP,BGSP,0.0
selfsup,BGSP,BraTS25-MEN,0.484337662633506
selfsup,BGSP,BraTS25-MET,0.4660040179127022
selfsup,BGSP,BraTS25-SSA,0.4973973666898133
selfsup,BGSP,BrainMetShare,0.4904381607595784
selfsup,BGSP,EPISURG,0.535422847705023
selfsup,BGSP,ISLES22,0.4864788736863391
selfsup,BGSP,IXI,0.543887652269383
selfsup,BGSP,MS-60,0.6180719683410356
selfsup,BGSP,MSLesSeg,0.5206559449865681
selfsup,BGSP,NFBS,0.5228718097119269
selfsup,BGSP,NSK-GBM,0.5726756972530322
selfsup,BGSP,OASIS-1,0.5607127145882437
selfsup,BGSP,OASIS-2,0.5665741540513708
selfsup,BGSP,UMF-PD,0.5809239255812507
selfsup,BGSP,UPENN-GBM,0.5462379110251276
selfsup,BraTS25-MEN,3D-MR-MS,0.41659105629464205
selfsup,BraTS25-MEN,BGSP,0.484337662633506
selfsup,BraTS25-MEN,BraTS25-MEN,0.0
selfsup,BraTS25-MEN,BraTS25-MET,0.18743223922387356
selfsup,BraTS25-MEN,BraTS25-SSA,0.24899332044716493
selfsup,BraTS25-MEN,BrainMetShare,0.2650314047506398
selfsup,BraTS25-MEN,EPISURG,0.40213283821279117
selfsup,BraTS25-MEN,ISLES22,0.2473216949539117
selfsup,BraTS25-MEN,IXI,0.4126597611585225
selfsup,BraTS25-MEN,MS-60,0.4881479710923209
selfsup,BraTS25-MEN,MSLesSeg,0.32839743109476627
selfsup,BraTS25-MEN,NFBS,0.33871604526550914
selfsup,BraTS25-MEN,NSK-GBM,0.4386874193531407
selfsup,BraTS25-MEN,OASIS-1,0.4315110313099517
selfsup,BraTS25-MEN,OASIS-2,0.433676394493695
selfsup,BraTS25-MEN,UMF-PD,0.46105467641437253
selfsup,BraTS25-MEN,UPENN-GBM,0.40351300205508417
selfsup,BraTS25-MET,3D-MR-MS,0.33449290188345426
selfsup,BraTS25-MET,BGSP,0.4660040179127022
selfsup,BraTS25-MET,BraTS25-MEN,0.18743223922387356
selfsup,BraTS25-MET,BraTS25-MET,0.0
selfsup,BraTS25-MET,BraTS25-SSA,0.2156183393223414
selfsup,BraTS25-MET,BrainMetShare,0.2631883192323884
selfsup,BraTS25-MET,EPISURG,0.37191269496875184
selfsup,BraTS25-MET,ISLES22,0.19096411530946658
selfsup,BraTS25-MET,IXI,0.38947706628356926
selfsup,BraTS25-MET,MS-60,0.4643832362312223
selfsup,BraTS25-MET,MSLesSeg,0.29190680084234766
selfsup,BraTS25-MET,NFBS,0.26847627816192865
selfsup,BraTS25-MET,NSK-GBM,0.40310102585721985
selfsup,BraTS25-MET,OASIS-1,0.4002435986843483
selfsup,BraTS25-MET,OASIS-2,0.4188729922083938
selfsup,BraTS25-MET,UMF-PD,0.4117561000134101
selfsup,BraTS25-MET,UPENN-GBM,0.3817622067626034
selfsup,BraTS25-SSA,3D-MR-MS,0.3922244724806035
selfsup,BraTS25-SSA,BGSP,0.4973973666898133
selfsup,BraTS25-SSA,BraTS25-MEN,0.24899332044716493
selfsup,BraTS25-SSA,BraTS25-MET,0.2156183393223414
selfsup,BraTS25-SSA,BraTS25-SSA,0.0
selfsup,BraTS25-SSA,BrainMetShare,0.31407634073127677
selfsup,BraTS25-SSA,EPISURG,0.40451545003530753
selfsup,BraTS25-SSA,ISLES22,0.28429862794793204
selfsup,BraTS25-SSA,IXI,0.4275556529148135
selfsup,BraTS25-SSA,MS-60,0.5200786328376275
selfsup,BraTS25-SSA,MSLesSeg,0.3576180530858621
selfsup,BraTS25-SSA,NFBS,0.36662436957580985
selfsup,BraTS25-SSA,NSK-GBM,0.4648906395370635
selfsup,BraTS25-SSA,OASIS-1,0.4461567942867843
selfsup,BraTS25-SSA,OASIS-2,0.44999744250962115
selfsup,BraTS25-SSA,UMF-PD,0.44958235585527134
selfsup,BraTS25-SSA,UPENN-GBM,0.4130942693498815
selfsup,BrainMetShare,3D-MR-MS,0.4103791861436724
selfsup,BrainMetShare,BGSP,0.4904381607595784
selfsup,BrainMetShare,BraTS25-MEN,0.2650314047506398
selfsup,BrainMetShare,BraTS25-MET,0.2631883192323884
selfsup,BrainMetShare,BraTS25-SSA,0.31407634073127677
selfsup,BrainMetShare,BrainMetShare,0.0
selfsup,BrainMetShare,EPISURG,0.4222962359447513
selfsup,BrainMetShare,ISLES22,0.26134024786470433
selfsup,BrainMetShare,IXI,0.42931567493571676
selfsup,BrainMetShare,MS-60,0.4842568412689408
selfsup,BrainMetShare,MSLesSeg,0.36372530297042577
selfsup,BrainMetShare,NFBS,0.3000782718141988
selfsup,BrainMetShare,NSK-GBM,0.4730608217172087
selfsup,BrainMetShare,OASIS-1,0.41173610671068916
selfsup,BrainMetShare,OASIS-2,0.43747299323953026
selfsup,BrainMetShare,UMF-PD,0.48664855261984574
selfsup,BrainMetShare,UPENN-GBM,0.43037084993590796
selfsup,EPISURG,3D-MR-MS,0.4186769501424571
selfsup,EPISURG,BGSP,0.535422847705023
selfsup,EPISURG,BraTS25-MEN,0.40213283821279117
selfsup,EPISURG,BraTS25-MET,0.37191269496875184
selfsup,EPISURG,BraTS25-SSA,0.40451545003530753
selfsup,EPISURG,BrainMetShare,0.4222962359447513
selfsup,EPISURG,EPISURG,0.0
selfsup,EPISURG,ISLES22,0.3945631815469843
selfsup,EPISURG,IXI,0.46731851707278127
selfsup,EPISURG,MS-60,0.544430531160896
selfsup,EPISURG,MSLesSeg,0.43201714527511453
selfsup,EPISURG,NFBS,0.4246699514930709
selfsup,EPISURG,NSK-GBM,0.48146797419018206
selfsup,EPISURG,OASIS-1,0.4793227978712328
selfsup,EPISURG,OASIS-2,0.48751185436663014
selfsup,EPISURG,UMF-PD,0.4414123829302987
selfsup,EPISURG,UPENN-GBM,0.44574221791750657
selfsup,ISLES22,3D-MR-MS,0.32241474729721464
selfsup,ISLES22,BGSP,0.4864788736863391
selfsup,ISLES22,BraTS25-MEN,0.2473216949539117
selfsup,ISLES22,BraTS25-MET,0.19096411530946658
selfsup,ISLES22,BraTS25-SSA,0.28429862794793204
selfsup,ISLES22,BrainMetShare,0.26134024786470433
selfsup,ISLES22,EPISURG,0.3945631815469843
selfsup,ISLES22,ISLES22,0.0
selfsup,ISLES22,IXI,0.4136830577143842
selfsup,ISLES22,MS-60,0.5090615200025641
selfsup,ISLES22,MSLesSeg,0.37485471469699855
selfsup,ISLES22,NFBS,0.25211865818470974
selfsup,ISLES22,NSK-GBM,0.4255290555007323
selfsup,ISLES22,OASIS-1,0.4325015889319593
selfsup,ISLES22,OASIS-2,0.44044999239041566
selfsup,ISLES22,UMF-PD,0.431591683877403
selfsup,ISLES22,UPENN-GBM,0.4119606962431111
selfsup,IXI,3D-MR-MS,0.4752465518713217
selfsup,IXI,BGSP,0.543887652269383
selfsup,IXI,BraTS25-MEN,0.4126597611585225
selfsup,IXI,BraTS25-MET,0.38947706628356926
selfsup,IXI,BraTS25-SSA,0.4275556529148135
selfsup,IXI,BrainMetShare,0.42931567493571676
selfsup,IXI,EPISURG,0.46731851707278127
selfsup,IXI,ISLES22,0.4136830577143842
selfsup,IXI,IXI,0.0
selfsup,IXI,MS-60,0.5686944424643747
selfsup,IXI,MSLesSeg,0.4422895165875578
selfsup,IXI,NFBS,0.4534736013585175
selfsup,IXI,NSK-GBM,0.49914654415542165
selfsup,IXI,OASIS-1,0.4968359147756737
selfsup,IXI,OASIS-2,0.49379855940322875
selfsup,IXI,UMF-PD,0.49936442110363904
selfsup,IXI,UPENN-GBM,0.4545119522305439
selfsup,MS-60,3D-MR-MS,0.5340637101119264
selfsup,MS-60,BGSP,0.6180719683410356
selfsup,MS-60,BraTS25-MEN,0.4881479710923209
selfsup,MS-60,BraTS25-MET,0.4643832362312223
selfsup,MS-60,BraTS25-SSA,0.5200786328376275
selfsup,MS-60,BrainMetShare,0.4842568412689408
selfsup,MS-60,EPISURG,0.544430531160896
selfsup,MS-60,ISLES22,0.5090615200025641
selfsup,MS-60,IXI,0.5686944424643747
selfsup,MS-60,MS-60,0.0
selfsup,MS-60,MSLesSeg,0.537627227502605
selfsup,MS-60,NFBS,0.510806473284087
selfsup,MS-60,NSK-GBM,0.5650202268334611
selfsup,MS-60,OASIS-1,0.5664559011634005
selfsup,MS-60,OASIS-2,0.5837676610556196
selfsup,MS-60,UMF-PD,0.5961247945901214
selfsup,MS-60,UPENN-GBM,0.5517946828533843
selfsup,MSLesSeg,3D-MR-MS,0.4607122244976649
selfsup,MSLesSeg,BGSP,0.5206559449865681
selfsup,MSLesSeg,BraTS25-MEN,0.32839743109476627
selfsup,MSLesSeg,BraTS25-MET,0.29190680084234766
selfsup,MSLesSeg,BraTS25-SSA,0.3576180530858621
selfsup,MSLesSeg,BrainMetShare,0.36372530297042577
selfsup,MSLesSeg,EPISURG,0.43201714527511453
selfsup,MSLesSeg,ISLES22,0.37485471469699855
selfsup,MSLesSeg,IXI,0.4422895165875578
selfsup,MSLesSeg,MS-60,0.537627227502605
selfsup,MSLesSeg,MSLesSeg,0.0
selfsup,MSLesSeg,NFBS,0.4327663205556411
selfsup,MSLesSeg,NSK-GBM,0.45692701877634273
selfsup,MSLesSeg,OASIS-1,0.4558029039739877
selfsup,MSLesSeg,OASIS-2,0.46896553198823393
selfsup,MSLesSeg,UMF-PD,0.5275541588637584
selfsup,MSLesSeg,UPENN-GBM,0.4604163835200465
selfsup,NFBS,3D-MR-MS,0.3995614699891471
selfsup,NFBS,BGSP,0.5228718097119269
selfsup,NFBS,BraTS25-MEN,0.33871604526550914
selfsup,NFBS,BraTS25-MET,0.26847627816192865
selfsup,NFBS,BraTS25-SSA,0.36662436957580985
selfsup,NFBS,BrainMetShare,0.3000782718141988
selfsup,NFBS,EPISURG,0.4246699514930709
selfsup,NFBS,ISLES22,0.25211865818470974
selfsup,NFBS,IXI,0.4534736013585175
selfsup,NFBS,MS-60,0.510806473284087
selfsup,NFBS,MSLesSeg,0.4327663205556411
selfsup,NFBS,NFBS,0.0
selfsup,NFBS,NSK-GBM,0.4945047465894819
selfsup,NFBS,OASIS-1,0.47218794930437746
selfsup,NFBS,OASIS-2,0.46272335253658
selfsup,NFBS,UMF-PD,0.4367121909289094
selfsup,NFBS,UPENN-GBM,0.46254025847504066
selfsup,NSK-GBM,3D-MR-MS,0.4547202705842076
selfsup,NSK-GBM,BGSP,0.5726756972530322
selfsup,NSK-GBM,BraTS25-MEN,0.4386874193531407
selfsup,NSK-GBM,BraTS25-MET,0.40310102585721985
selfsup,NSK-GBM,BraTS25-SSA,0.4648906395370635
selfsup,NSK-GBM,BrainMetShare,0.4730608217172087
selfsup,NSK-GBM,EPISURG,0.48146797419018206
selfsup,NSK-GBM,ISLES22,0.4255290555007323
selfsup,NSK-GBM,IXI,0.49914654415542165
selfsup,NSK-GBM,MS-60,0.5650202268334611
selfsup,NSK-GBM,MSLesSeg,0.45692701877634273
selfsup,NSK-GBM,NFBS,0.4945047465894819
selfsup,NSK-GBM,NSK-GBM,0.0
selfsup,NSK-GBM,OASIS-1,0.5227264063422843
selfsup,NSK-GBM,OASIS-2,0.5066326559851302
selfsup,NSK-GBM,UMF-PD,0.4726148106118288
selfsup,NSK-GBM,UPENN-GBM,0.5022176127346736
selfsup,OASIS-1,3D-MR-MS,0.4504550274589658
selfsup,OASIS-1,BGSP,0.5607127145882437
selfsup,OASIS-1,BraTS25-MEN,0.4315110313099517
selfsup,OASIS-1,BraTS25-MET,0.4002435986843483
selfsup,OASIS-1,BraTS25-SSA,0.4461567942867843
selfsup,OASIS-1,BrainMetShare,0.41173610671068916
selfsup,OASIS-1,EPISURG,0.4793227978712328
selfsup,OASIS-1,ISLES22,0.4325015889319593
selfsup,OASIS-1,IXI,0.4968359147756737
selfsup,OASIS-1,MS-60,0.5664559011634005
selfsup,OASIS-1,MSLesSeg,0.4558029039739877
selfsup,OASIS-1,NFBS,0.47218794930437746
selfsup,OASIS-1,NSK-GBM,0.5227264063422843
selfsup,OASIS-1,OASIS-1,0.0
selfsup,OASIS-1,OASIS-2,0.5110584107394415
selfsup,OASIS-1,UMF-PD,0.5255918725889732
selfsup,OASIS-1,UPENN-GBM,0.49098057294825764
selfsup,OASIS-2,3D-MR-MS,0.5116816863709743
selfsup,OASIS-2,BGSP,0.5665741540513708
selfsup,OASIS-2,BraTS25-MEN,0.433676394493695
selfsup,OASIS-2,BraTS25-MET,0.4188729922083938
selfsup,OASIS-2,BraTS25-SSA,0.44999744250962115
selfsup,OASIS-2,BrainMetShare,0.43747299323953026
selfsup,OASIS-2,EPISURG,0.48751185436663014
selfsup,OASIS-2,ISLES22,0.44044999239041566
selfsup,OASIS-2,IXI,0.49379855940322875
selfsup,OASIS-2,MS-60,0.5837676610556196
selfsup,OASIS-2,MSLesSeg,0.46896553198823393
selfsup,OASIS-2,NFBS,0.46272335253658
selfsup,OASIS-2,NSK-GBM,0.5066326559851302
selfsup,OASIS-2,OASIS-1,0.5110584107394415
selfsup,OASIS-2,OASIS-2,0.0
selfsup,OASIS-2,UMF-PD,0.5359469913920462
selfsup,OASIS-2,UPENN-GBM,0.49718696513967614
selfsup,UMF-PD,3D-MR-MS,0.4210569848563499
selfsup,UMF-PD,BGSP,0.5809239255812507
selfsup,UMF-PD,BraTS25-MEN,0.46105467641437253
selfsup,UMF-PD,BraTS25-MET,0.4117561000134101
selfsup,UMF-PD,BraTS25-SSA,0.44958235585527134
selfsup,UMF-PD,BrainMetShare,0.48664855261984574
selfsup,UMF-PD,EPISURG,0.4414123829302987
selfsup,UMF-PD,ISLES22,0.431591683877403
selfsup,UMF-PD,IXI,0.49936442110363904
selfsup,UMF-PD,MS-60,0.5961247945901214
selfsup,UMF-PD,MSLesSeg,0.5275541588637584
selfsup,UMF-PD,NFBS,0.4367121909289094
selfsup,UMF-PD,NSK-GBM,0.4726148106118288
selfsup,UMF-PD,OASIS-1,0.5255918725889732
selfsup,UMF-PD,OASIS-2,0.5359469913920462
selfsup,UMF-PD,UMF-PD,0.0
selfsup,UMF-PD,UPENN-GBM,0.4999427687238079
selfsup,UPENN-GBM,3D-MR-MS,0.47147812393343225
selfsup,UPENN-GBM,BGSP,0.5462379110251276
selfsup,UPENN-GBM,BraTS25-MEN,0.40351300205508417
selfsup,UPENN-GBM,BraTS25-MET,0.3817622067626034
selfsup,UPENN-GBM,BraTS25-SSA,0.4130942693498815
selfsup,UPENN-GBM,BrainMetShare,0.43037084993590796
selfsup,UPENN-GBM,EPISURG,0.44574221791750657
selfsup,UPENN-GBM,ISLES22,0.4119606962431111
selfsup,UPENN-GBM,IXI,0.4545119522305439
selfsup,UPENN-GBM,MS-60,0.5517946828533843
selfsup,UPENN-GBM,MSLesSeg,0.4604163835200465
selfsup,UPENN-GBM,NFBS,0.46254025847504066
selfsup,UPENN-GBM,NSK-GBM,0.5022176127346736
selfsup,UPENN-GBM,OASIS-1,0.49098057294825764
selfsup,UPENN-GBM,OASIS-2,0.49718696513967614
selfsup,UPENN-GBM,UMF-PD,0.4999427687238079
selfsup,UPENN-GBM,UPENN-GBM,0.0
