dataset,n,bacc,representation,task,setting,mae,mae_mean_baseline,pearson_r
3D-MR-MS,120,0.5209627329192547,handcrafted,sex,lodo,,,
ISLES22,144,0.478125,handcrafted,sex,lodo,,,
IXI,294,0.5605263157894738,handcrafted,sex,lodo,,,
MS-60,177,0.4947045707915273,handcrafted,sex,lodo,,,
MSLesSeg,300,0.5125,handcrafted,sex,lodo,,,
NSK-GBM,168,0.5,handcrafted,sex,lodo,,,
OASIS-1,300,0.5092558651026393,handcrafted,sex,lodo,,,
OASIS-2,301,0.5,handcrafted,sex,lodo,,,
UMF-PD,82,0.5,handcrafted,sex,lodo,,,
UPENN-GBM,300,0.5513392857142857,handcrafted,sex,lodo,,,
3D-MR-MS,120,0.6770186335403727,handcrafted,sex,within,,,
ISLES22,144,0.7828125,handcrafted,sex,within,,,
IXI,294,0.8070175438596492,handcrafted,sex,within,,,
MS-60,177,0.6686176142697882,handcrafted,sex,within,,,
MSLesSeg,300,0.5138888888888888,handcrafted,sex,within,,,
NSK-GBM,168,0.7620137299771168,handcrafted,sex,within,,,
OASIS-1,300,0.8511730205278593,handcrafted,sex,within,,,
OASIS-2,301,0.8548951048951049,handcrafted,sex,within,,,
UMF-PD,82,0.8791866028708134,handcrafted,sex,within,,,
UPENN-GBM,300,0.7758928571428572,handcrafted,sex,within,,,
3D-MR-MS,120,,handcrafted,age,lodo,48.77585738525527,16.442716097560975,0.004905294427828404
ISLES22,125,,handcrafted,age,lodo,48.829365105690684,21.12385901222495,0.03766912556203604
IXI,294,,handcrafted,age,lodo,19.87310347260578,13.788053609503503,0.23881152863640004
MS-60,180,,handcrafted,age,lodo,14.212677438470031,22.97570083752093,-0.01569390440907815
MSLesSeg,300,,handcrafted,age,lodo,23.11619819724463,20.821301604278077,-0.06597038612343897
NSK-GBM,168,,handcrafted,age,lodo,44.54761904761905,12.01483326197612,
OASIS-1,300,,handcrafted,age,lodo,22.547336364536385,23.246006559714793,0.3471881469497443
OASIS-2,301,,handcrafted,age,lodo,19.946399096991104,27.83769731357398,-0.06904475407261797
UMF-PD,82,,handcrafted,age,lodo,18.075987631157986,13.804784365947102,-0.0654678626023686
UPENN-GBM,300,,handcrafted,age,lodo,13.710249615378999,11.930164848484852,0.151677385550583
3D-MR-MS,120,,handcrafted,age,within,8.400596746236793,7.563888888888889,-0.08163394934955022
ISLES22,125,,handcrafted,age,within,6.739202530038799,10.76864,0.7340815276860224
IXI,294,,handcrafted,age,within,12.399385146853744,14.195356000238458,0.34203983002902133
MS-60,180,,handcrafted,age,within,11.089356923353597,10.461805555555555,0.08090300621570753
MSLesSeg,300,,handcrafted,age,within,7.844491994084974,7.8771675000000005,0.20772855106354654
NSK-GBM,168,,handcrafted,age,within,11.314264904881487,12.182539682539684,0.30250203083027516
OASIS-1,300,,handcrafted,age,within,11.634244884109393,23.3385,0.8151502829616805
OASIS-2,301,,handcrafted,age,within,6.12534457022878,6.227573052351548,0.18916894984096622
UMF-PD,82,,handcrafted,age,within,6.620607573319134,7.04965034965035,0.3999577106495123
UPENN-GBM,300,,handcrafted,age,within,9.007742642686477,9.259733333333333,0.2575317275370287
3D-MR-MS,120,0.6211180124223603,untrained,sex,lodo,,,
ISLES22,144,0.590625,untrained,sex,lodo,,,
IXI,294,0.7885964912280702,untrained,sex,lodo,,,
MS-60,177,0.5755295429208473,untrained,sex,lodo,,,
MSLesSeg,300,0.49722222222222223,untrained,sex,lodo,,,
NSK-GBM,168,0.568649885583524,untrained,sex,lodo,,,
OASIS-1,300,0.6403042521994134,untrained,sex,lodo,,,
OASIS-2,301,0.7801909628832706,untrained,sex,lodo,,,
UMF-PD,82,0.7410287081339713,untrained,sex,lodo,,,
UPENN-GBM,300,0.6401785714285715,untrained,sex,lodo,,,
3D-MR-MS,120,0.6956521739130435,untrained,sex,within,,,
ISLES22,144,0.75625,untrained,sex,within,,,
IXI,294,0.889327485380117,untrained,sex,within,,,
MS-60,177,0.6842251950947603,untrained,sex,within,,,
MSLesSeg,300,0.6236111111111111,untrained,sex,within,,,
NSK-GBM,168,0.7651601830663615,untrained,sex,within,,,
OASIS-1,300,0.8585043988269795,untrained,sex,within,,,
OASIS-2,301,0.9173838981531289,untrained,sex,within,,,
UMF-PD,82,0.950956937799043,untrained,sex,within,,,
UPENN-GBM,300,0.8392857142857143,untrained,sex,within,,,
3D-MR-MS,120,,untrained,age,lodo,24.64561181168083,16.442716097560975,0.10107872860174186
ISLES22,125,,untrained,age,lodo,36.35929105574023,21.12385901222495,0.3747615452518535
IXI,294,,untrained,age,lodo,15.016804185616156,13.788053609503503,0.23543794304243693
MS-60,180,,untrained,age,lodo,17.175443347393507,22.97570083752093,-0.09723170445040291
MSLesSeg,300,,untrained,age,lodo,19.242343851753358,20.821301604278077,0.11711665751935749
NSK-GBM,168,,untrained,age,lodo,12.853293812450643,12.01483326197612,0.20592030433791686
OASIS-1,300,,untrained,age,lodo,22.717720545875345,23.246006559714793,0.16510935343287808
OASIS-2,301,,untrained,age,lodo,16.812905260685216,27.83769731357398,0.20386994554898136
UMF-PD,82,,untrained,age,lodo,19.90133697016079,13.804784365947102,0.40181317981249076
UPENN-GBM,300,,untrained,age,lodo,12.414039357548624,11.930164848484852,0.17928770755352308
3D-MR-MS,120,,untrained,age,within,9.513893377963862,7.563888888888889,0.11047736324111027
ISLES22,125,,untrained,age,within,7.6808353597561965,10.76864,0.6672965478695261
IXI,294,,untrained,age,within,11.5151783657991,14.195356000238458,0.4601278973065874
MS-60,180,,untrained,age,within,11.394194110767359,10.461805555555555,-0.12883186306166927
MSLesSeg,300,,untrained,age,within,7.942622662088388,7.8771675000000005,0.31475950295274524
NSK-GBM,168,,untrained,age,within,11.652674886143473,12.182539682539684,0.3094715392519316
OASIS-1,300,,untrained,age,within,10.080742598759322,23.3385,0.8589277187119242
OASIS-2,301,,untrained,age,within,4.870946835547631,6.227573052351548,0.6071136595387229
UMF-PD,82,,untrained,age,within,6.074776919120412,7.04965034965035,0.5034969365078481
UPENN-GBM,300,,untrained,age,within,8.826636921506287,9.259733333333333,0.36470732387339855
3D-MR-MS,120,0.5271739130434783,medical,sex,lodo,,,
ISLES22,144,0.528125,medical,sex,lodo,,,
IXI,294,0.8043859649122806,medical,sex,lodo,,,
MS-60,177,0.5693979933110368,medical,sex,lodo,,,
MSLesSeg,300,0.5347222222222222,medical,sex,lodo,,,
NSK-GBM,168,0.6556064073226544,medical,sex,lodo,,,
OASIS-1,300,0.5186950146627566,medical,sex,lodo,,,
OASIS-2,301,0.5857988165680473,medical,sex,lodo,,,
UMF-PD,82,0.8809808612440191,medical,sex,lodo,,,
UPENN-GBM,300,0.8553571428571429,medical,sex,lodo,,,
3D-MR-MS,120,0.8027950310559007,medical,sex,within,,,
ISLES22,144,0.79375,medical,sex,within,,,
IXI,294,0.862719298245614,medical,sex,within,,,
MS-60,177,0.600613154960981,medical,sex,within,,,
MSLesSeg,300,0.6125,medical,sex,within,,,
NSK-GBM,168,0.8034897025171626,medical,sex,within,,,
OASIS-1,300,0.8653775659824048,medical,sex,within,,,
OASIS-2,301,0.9308768154922,medical,sex,within,,,
UMF-PD,82,0.8791866028708134,medical,sex,within,,,
UPENN-GBM,300,0.9116071428571428,medical,sex,within,,,
3D-MR-MS,120,,medical,age,lodo,24.32449206345099,16.442716097560975,-0.10017338358275989
ISLES22,125,,medical,age,lodo,34.25665398489902,21.12385901222495,0.6911866897367565
IXI,294,,medical,age,lodo,15.741246408651172,13.788053609503503,0.29064248159754963
MS-60,180,,medical,age,lodo,48.116458760084626,22.97570083752093,-0.10220048183176096
MSLesSeg,300,,medical,age,lodo,24.18310596255204,20.821301604278077,0.20499966162813407
NSK-GBM,168,,medical,age,lodo,13.10913067298787,12.01483326197612,0.2038443965884804
OASIS-1,300,,medical,age,lodo,21.37070927334987,23.246006559714793,0.4476239596149336
OASIS-2,301,,medical,age,lodo,15.564722568752892,27.83769731357398,0.1748082457592708
UMF-PD,82,,medical,age,lodo,20.69622836257712,13.804784365947102,0.33647300823040904
UPENN-GBM,300,,medical,age,lodo,11.050511469287796,11.930164848484852,0.21230134935703987
3D-MR-MS,120,,medical,age,within,9.478154490596433,7.563888888888889,0.2374304604696005
ISLES22,125,,medical,age,within,7.010996094131301,10.76864,0.7025606547390966
IXI,294,,medical,age,within,11.576120866169605,14.195356000238458,0.44756475505109666
MS-60,180,,medical,age,within,10.999974860805422,10.461805555555555,-0.1491747531706052
MSLesSeg,300,,medical,age,within,7.323317049613153,7.8771675000000005,0.3990238637074006
NSK-GBM,168,,medical,age,within,11.209378094133566,12.182539682539684,0.3860886953527465
OASIS-1,300,,medical,age,within,9.64142607335723,23.3385,0.8759589103663673
OASIS-2,301,,medical,age,within,5.169957643542178,6.227573052351548,0.5351428803804564
UMF-PD,82,,medical,age,within,5.101495352216456,7.04965034965035,0.6754422160226935
UPENN-GBM,300,,medical,age,within,9.004612613864461,9.259733333333333,0.26308411529795694
3D-MR-MS,120,0.5419254658385093,selfsup,sex,lodo,,,
ISLES22,144,0.515625,selfsup,sex,lodo,,,
IXI,294,0.6615497076023392,selfsup,sex,lodo,,,
MS-60,177,0.5785953177257526,selfsup,sex,lodo,,,
MSLesSeg,300,0.5805555555555555,selfsup,sex,lodo,,,
NSK-GBM,168,0.6172768878718535,selfsup,sex,lodo,,,
OASIS-1,300,0.48597873900293254,selfsup,sex,lodo,,,
OASIS-2,301,0.6906490944952484,selfsup,sex,lodo,,,
UMF-PD,82,0.6572966507177034,selfsup,sex,lodo,,,
UPENN-GBM,300,0.6495535714285714,selfsup,sex,lodo,,,
3D-MR-MS,120,0.7437888198757764,selfsup,sex,within,,,
ISLES22,144,0.703125,selfsup,sex,within,,,
IXI,294,0.7125730994152046,selfsup,sex,within,,,
MS-60,177,0.6769788182831661,selfsup,sex,within,,,
MSLesSeg,300,0.6055555555555556,selfsup,sex,within,,,
NSK-GBM,168,0.7542906178489702,selfsup,sex,within,,,
OASIS-1,300,0.8532807917888563,selfsup,sex,within,,,
OASIS-2,301,0.8912273623812086,selfsup,sex,within,,,
UMF-PD,82,0.777511961722488,selfsup,sex,within,,,
UPENN-GBM,300,0.73125,selfsup,sex,within,,,
3D-MR-MS,120,,selfsup,age,lodo,19.267640594841495,16.442716097560975,0.017632579026644418
ISLES22,125,,selfsup,age,lodo,38.817404250758656,21.12385901222495,0.3908659305159592
IXI,294,,selfsup,age,lodo,20.217550639458917,13.788053609503503,0.2847288541780202
MS-60,180,,selfsup,age,lodo,32.45427607582939,22.97570083752093,-0.03708436445532812
MSLesSeg,300,,selfsup,age,lodo,24.827040806758397,20.821301604278077,-0.2522509135214535
NSK-GBM,168,,selfsup,age,lodo,13.472127988003232,12.01483326197612,0.158984205927482
OASIS-1,300,,selfsup,age,lodo,24.071810679291467,23.246006559714793,-0.025096261373385782
OASIS-2,301,,selfsup,age,lodo,18.950551608528016,27.83769731357398,0.09034791275463468
UMF-PD,82,,selfsup,age,lodo,12.048117818144975,13.804784365947102,0.20225909114378973
UPENN-GBM,300,,selfsup,age,lodo,16.319910779274974,11.930164848484852,-0.00843137072705252
3D-MR-MS,120,,selfsup,age,within,8.917269497273548,7.563888888888889,0.043602389585925536
ISLES22,125,,selfsup,age,within,6.818168031758604,10.76864,0.7472901304628559
IXI,294,,selfsup,age,within,11.963454084712561,14.195356000238458,0.3898637825740414
MS-60,180,,selfsup,age,within,10.36127149117824,10.461805555555555,0.10303828252839962
MSLesSeg,300,,selfsup,age,within,7.5879456199944295,7.8771675000000005,0.31335486700369886
NSK-GBM,168,,selfsup,age,within,10.660648241673456,12.182539682539684,0.4786604471265135
OASIS-1,300,,selfsup,age,within,10.081225135450262,23.3385,0.8615165076034403
OASIS-2,301,,selfsup,age,within,5.647902444932327,6.227573052351548,0.3780973919437553
UMF-PD,82,,selfsup,age,within,5.094185836991447,7.04965034965035,0.6888429666343345
UPENN-GBM,300,,selfsup,age,within,8.909772549234855,9.259733333333333,0.3085056346063551
3D-MR-MS,120,0.5892857142857143,brainiac,sex,lodo,,,
ISLES22,144,0.4484375,brainiac,sex,lodo,,,
IXI,294,0.5447368421052632,brainiac,sex,lodo,,,
MS-60,177,0.5008361204013378,brainiac,sex,lodo,,,
MSLesSeg,300,0.5055555555555555,brainiac,sex,lodo,,,
NSK-GBM,168,0.5489130434782609,brainiac,sex,lodo,,,
OASIS-1,300,0.4903775659824047,brainiac,sex,lodo,,,
OASIS-2,301,0.6063295678680294,brainiac,sex,lodo,,,
UMF-PD,82,0.5083732057416268,brainiac,sex,lodo,,,
UPENN-GBM,300,0.6620535714285715,brainiac,sex,lodo,,,
3D-MR-MS,120,0.5683229813664596,brainiac,sex,within,,,
ISLES22,144,0.5875,brainiac,sex,within,,,
IXI,294,0.683625730994152,brainiac,sex,within,,,
MS-60,177,0.5487736900780379,brainiac,sex,within,,,
MSLesSeg,300,0.6194444444444445,brainiac,sex,within,,,
NSK-GBM,168,0.5926773455377574,brainiac,sex,within,,,
OASIS-1,300,0.6971224340175952,brainiac,sex,within,,,
OASIS-2,301,0.7638739465662543,brainiac,sex,within,,,
UMF-PD,82,0.7266746411483254,brainiac,sex,within,,,
UPENN-GBM,300,0.7517857142857143,brainiac,sex,within,,,
3D-MR-MS,120,,brainiac,age,lodo,12.225482073154124,16.442716097560975,-0.014922271761730777
ISLES22,125,,brainiac,age,lodo,28.559212293786448,21.12385901222495,0.42914162214389817
IXI,294,,brainiac,age,lodo,15.131886379330119,13.788053609503503,0.27990792124554914
MS-60,180,,brainiac,age,lodo,14.135568683520404,22.97570083752093,0.05492404656865866
MSLesSeg,300,,brainiac,age,lodo,18.972669153301503,20.821301604278077,0.17804158042671464
NSK-GBM,168,,brainiac,age,lodo,13.181700844266228,12.01483326197612,0.11970702121625507
OASIS-1,300,,brainiac,age,lodo,23.15643668023777,23.246006559714793,0.3497496704060001
OASIS-2,301,,brainiac,age,lodo,10.22491249854356,27.83769731357398,0.06301944896609704
UMF-PD,82,,brainiac,age,lodo,10.798048045041927,13.804784365947102,0.0661469746942672
UPENN-GBM,300,,brainiac,age,lodo,11.984965335143974,11.930164848484852,0.02907093928784211
3D-MR-MS,120,,brainiac,age,within,7.721915635990063,7.563888888888889,-0.3602523937563788
ISLES22,125,,brainiac,age,within,8.453675603291307,10.76864,0.5791293909887005
IXI,294,,brainiac,age,within,13.185770540362569,14.195356000238458,0.26171059671545277
MS-60,180,,brainiac,age,within,10.447694620840002,10.461805555555555,0.06365153449575171
MSLesSeg,300,,brainiac,age,within,7.550758251124072,7.8771675000000005,0.3180419955711096
NSK-GBM,168,,brainiac,age,within,12.33026923116009,12.182539682539684,0.09637210699426543
OASIS-1,300,,brainiac,age,within,15.494855454618762,23.3385,0.6558611689361752
OASIS-2,301,,brainiac,age,within,6.092565041529601,6.227573052351548,0.2521637184486826
UMF-PD,82,,brainiac,age,within,7.044219162493686,7.04965034965035,0.08481054702927125
UPENN-GBM,300,,brainiac,age,within,9.11446110066983,9.259733333333333,0.19553423578273144
3D-MR-MS,120,0.6086956521739131,3dino,sex,lodo,,,
ISLES22,144,0.6390625,3dino,sex,lodo,,,
IXI,294,0.75453216374269,3dino,sex,lodo,,,
MS-60,177,0.5287068004459309,3dino,sex,lodo,,,
MSLesSeg,300,0.5736111111111111,3dino,sex,lodo,,,
NSK-GBM,168,0.6627574370709381,3dino,sex,lodo,,,
OASIS-1,300,0.7054618768328446,3dino,sex,lodo,,,
OASIS-2,301,0.7740720817643895,3dino,sex,lodo,,,
UMF-PD,82,0.638755980861244,3dino,sex,lodo,,,
UPENN-GBM,300,0.6129464285714286,3dino,sex,lodo,,,
3D-MR-MS,120,0.7173913043478262,3dino,sex,within,,,
ISLES22,144,0.684375,3dino,sex,within,,,
IXI,294,0.7763157894736843,3dino,sex,within,,,
MS-60,177,0.6931438127090301,3dino,sex,within,,,
MSLesSeg,300,0.7305555555555556,3dino,sex,within,,,
NSK-GBM,168,0.7136727688787186,3dino,sex,within,,,
OASIS-1,300,0.8819648093841642,3dino,sex,within,,,
OASIS-2,301,0.9009324009324009,3dino,sex,within,,,
UMF-PD,82,0.8415071770334928,3dino,sex,within,,,
UPENN-GBM,300,0.7709821428571428,3dino,sex,within,,,
3D-MR-MS,120,,3dino,age,lodo,24.422681205668436,16.442716097560975,0.10548901294372938
ISLES22,125,,3dino,age,lodo,30.01855275743864,21.12385901222495,0.2893190563977638
IXI,294,,3dino,age,lodo,13.95668645870227,13.788053609503503,0.29005661819767764
MS-60,180,,3dino,age,lodo,17.748127205645805,22.97570083752093,0.005444516224533971
MSLesSeg,300,,3dino,age,lodo,22.749127008239352,20.821301604278077,0.12651011535458215
NSK-GBM,168,,3dino,age,lodo,12.405651355256659,12.01483326197612,0.25530798827040335
OASIS-1,300,,3dino,age,lodo,19.573303008388855,23.246006559714793,0.6912847779384068
OASIS-2,301,,3dino,age,lodo,7.065228256595144,27.83769731357398,0.3801966034287884
UMF-PD,82,,3dino,age,lodo,11.003165947860625,13.804784365947102,0.3623317758287775
UPENN-GBM,300,,3dino,age,lodo,13.564488089844081,11.930164848484852,0.2086771257342592
3D-MR-MS,120,,3dino,age,within,8.122623353371827,7.563888888888889,0.214814402454706
ISLES22,125,,3dino,age,within,7.444218382939967,10.76864,0.6732014595755367
IXI,294,,3dino,age,within,9.616625402878379,14.195356000238458,0.6436255050884664
MS-60,180,,3dino,age,within,10.31325702276999,10.461805555555555,0.1971180354366899
MSLesSeg,300,,3dino,age,within,7.328269249255795,7.8771675000000005,0.34496189022204815
NSK-GBM,168,,3dino,age,within,11.016038935873977,12.182539682539684,0.3207917090716875
OASIS-1,300,,3dino,age,within,8.770384015792272,23.3385,0.9105521222690517
OASIS-2,301,,3dino,age,within,5.277529507370839,6.227573052351548,0.5238721288513587
UMF-PD,82,,3dino,age,within,6.063791310783214,7.04965034965035,0.45287314755512775
UPENN-GBM,300,,3dino,age,within,8.25477887169164,9.259733333333333,0.46370410949411456
3D-MR-MS,120,0.5722049689440993,brainfm,sex,lodo,,,
ISLES22,144,0.5,brainfm,sex,lodo,,,
IXI,294,0.7298245614035088,brainfm,sex,lodo,,,
MS-60,177,0.5039018952062431,brainfm,sex,lodo,,,
MSLesSeg,300,0.4958333333333333,brainfm,sex,lodo,,,
NSK-GBM,168,0.6942219679633868,brainfm,sex,lodo,,,
OASIS-1,300,0.5837609970674487,brainfm,sex,lodo,,,
OASIS-2,301,0.854424421732114,brainfm,sex,lodo,,,
UMF-PD,82,0.7906698564593302,brainfm,sex,lodo,,,
UPENN-GBM,300,0.73125,brainfm,sex,lodo,,,
3D-MR-MS,120,0.6847826086956521,brainfm,sex,within,,,
ISLES22,144,0.775,brainfm,sex,within,,,
IXI,294,0.8543859649122807,brainfm,sex,within,,,
MS-60,177,0.7112597547380156,brainfm,sex,within,,,
MSLesSeg,300,0.6833333333333333,brainfm,sex,within,,,
NSK-GBM,168,0.7860411899313502,brainfm,sex,within,,,
OASIS-1,300,0.8601539589442815,brainfm,sex,within,,,
OASIS-2,301,0.8874394835933297,brainfm,sex,within,,,
UMF-PD,82,0.888755980861244,brainfm,sex,within,,,
UPENN-GBM,300,0.8687499999999999,brainfm,sex,within,,,
3D-MR-MS,120,,brainfm,age,lodo,28.97466306243908,16.442716097560975,0.09015764412304234
ISLES22,125,,brainfm,age,lodo,37.99356763987385,21.12385901222495,-0.10287289809596327
IXI,294,,brainfm,age,lodo,14.642964528720906,13.788053609503503,0.12086928590260863
MS-60,180,,brainfm,age,lodo,33.53538866178322,22.97570083752093,-0.049028703414255664
MSLesSeg,300,,brainfm,age,lodo,22.75370068861308,20.821301604278077,-0.00671744379705725
NSK-GBM,168,,brainfm,age,lodo,13.69954555171569,12.01483326197612,0.03162234602044264
OASIS-1,300,,brainfm,age,lodo,23.93821153063888,23.246006559714793,-0.01054687114853527
OASIS-2,301,,brainfm,age,lodo,42.978433793189794,27.83769731357398,0.23479991691613888
UMF-PD,82,,brainfm,age,lodo,18.945137364875436,13.804784365947102,0.19797116574810528
UPENN-GBM,300,,brainfm,age,lodo,11.507358356073075,11.930164848484852,0.041399762536491344
3D-MR-MS,120,,brainfm,age,within,9.397704007727349,7.563888888888889,0.1434975728240076
ISLES22,125,,brainfm,age,within,8.254298056020508,10.76864,0.6209160392001773
IXI,294,,brainfm,age,within,11.917486501046323,14.195356000238458,0.4181145509816166
MS-60,180,,brainfm,age,within,11.14505133413532,10.461805555555555,-0.044008369670042125
MSLesSeg,300,,brainfm,age,within,7.719513975738209,7.8771675000000005,0.25190810707832756
NSK-GBM,168,,brainfm,age,within,11.176593970140186,12.182539682539684,0.3946059102609656
OASIS-1,300,,brainfm,age,within,11.609853164098856,23.3385,0.8265251069915263
OASIS-2,301,,brainfm,age,within,5.752031220892083,6.227573052351548,0.3633052046307383
UMF-PD,82,,brainfm,age,within,6.262602980136475,7.04965034965035,0.4624801568044443
UPENN-GBM,300,,brainfm,age,within,8.899032777950909,9.259733333333333,0.2631470826395047
3D-MR-MS,120,0.5380434782608696,3dino_rand,sex,lodo,,,
ISLES22,144,0.5203125,3dino_rand,sex,lodo,,,
IXI,294,0.6282163742690059,3dino_rand,sex,lodo,,,
MS-60,177,0.4816053511705685,3dino_rand,sex,lodo,,,
MSLesSeg,300,0.5,3dino_rand,sex,lodo,,,
NSK-GBM,168,0.5778032036613272,3dino_rand,sex,lodo,,,
OASIS-1,300,0.4745234604105572,3dino_rand,sex,lodo,,,
OASIS-2,301,0.7480276134122288,3dino_rand,sex,lodo,,,
UMF-PD,82,0.7625598086124402,3dino_rand,sex,lodo,,,
UPENN-GBM,300,0.8116071428571429,3dino_rand,sex,lodo,,,
3D-MR-MS,120,0.5900621118012422,3dino_rand,sex,within,,,
ISLES22,144,0.709375,3dino_rand,sex,within,,,
IXI,294,0.7321637426900585,3dino_rand,sex,within,,,
MS-60,177,0.5543478260869565,3dino_rand,sex,within,,,
MSLesSeg,300,0.6027777777777779,3dino_rand,sex,within,,,
NSK-GBM,168,0.6089816933638443,3dino_rand,sex,within,,,
OASIS-1,300,0.722232404692082,3dino_rand,sex,within,,,
OASIS-2,301,0.8119284561592254,3dino_rand,sex,within,,,
UMF-PD,82,0.777511961722488,3dino_rand,sex,within,,,
UPENN-GBM,300,0.8794642857142857,3dino_rand,sex,within,,,
3D-MR-MS,120,,3dino_rand,age,lodo,17.36271633683564,16.442716097560975,0.007900783820998823
ISLES22,125,,3dino_rand,age,lodo,30.38443887960924,21.12385901222495,0.3142940853148973
IXI,294,,3dino_rand,age,lodo,18.053333495463832,13.788053609503503,0.04188376424735657
MS-60,180,,3dino_rand,age,lodo,13.866670937819622,22.97570083752093,-0.02350316282869656
MSLesSeg,300,,3dino_rand,age,lodo,22.77341986548052,20.821301604278077,0.1945305196069589
NSK-GBM,168,,3dino_rand,age,lodo,13.139174329997214,12.01483326197612,0.011330894497683403
OASIS-1,300,,3dino_rand,age,lodo,24.37128635271546,23.246006559714793,-0.10372620378901842
OASIS-2,301,,3dino_rand,age,lodo,20.105499187536882,27.83769731357398,-0.04339689078790851
UMF-PD,82,,3dino_rand,age,lodo,12.405202656304901,13.804784365947102,-0.0027476066180690817
UPENN-GBM,300,,3dino_rand,age,lodo,11.203716343889184,11.930164848484852,-0.0633508926637438
3D-MR-MS,120,,3dino_rand,age,within,9.017055045368144,7.563888888888889,0.05683884188623632
ISLES22,125,,3dino_rand,age,within,8.689802665651733,10.76864,0.5528418866590548
IXI,294,,3dino_rand,age,within,13.141173828717406,14.195356000238458,0.24183913029157578
MS-60,180,,3dino_rand,age,within,10.89174577674797,10.461805555555555,-0.25682342574211625
MSLesSeg,300,,3dino_rand,age,within,8.137925971378653,7.8771675000000005,0.17351215289290528
NSK-GBM,168,,3dino_rand,age,within,12.318508552358768,12.182539682539684,0.06119695693830392
OASIS-1,300,,3dino_rand,age,within,15.354496343840031,23.3385,0.6605523383192313
OASIS-2,301,,3dino_rand,age,within,6.45971649805103,6.227573052351548,0.017342436630476205
UMF-PD,82,,3dino_rand,age,within,7.02536058812446,7.04965034965035,0.18643435158474922
UPENN-GBM,300,,3dino_rand,age,within,10.214071316337243,9.259733333333333,0.06831022118745059
3D-MR-MS,120,0.5923913043478262,3dino_z,sex,lodo,,,
ISLES22,144,0.5453125,3dino_z,sex,lodo,,,
IXI,294,0.6869883040935673,3dino_z,sex,lodo,,,
MS-60,177,0.5629877369007804,3dino_z,sex,lodo,,,
MSLesSeg,300,0.5,3dino_z,sex,lodo,,,
NSK-GBM,168,0.5780892448512586,3dino_z,sex,lodo,,,
OASIS-1,300,0.6974890029325513,3dino_z,sex,lodo,,,
OASIS-2,301,0.60771920387305,3dino_z,sex,lodo,,,
UMF-PD,82,0.5,3dino_z,sex,lodo,,,
UPENN-GBM,300,0.7486607142857142,3dino_z,sex,lodo,,,
3D-MR-MS,120,0.7476708074534162,3dino_z,sex,within,,,
ISLES22,144,0.6640625,3dino_z,sex,within,,,
IXI,294,0.8364035087719298,3dino_z,sex,within,,,
MS-60,177,0.689520624303233,3dino_z,sex,within,,,
MSLesSeg,300,0.6527777777777778,3dino_z,sex,within,,,
NSK-GBM,168,0.6558924485125859,3dino_z,sex,within,,,
OASIS-1,300,0.8419171554252199,3dino_z,sex,within,,,
OASIS-2,301,0.8806930249237941,3dino_z,sex,within,,,
UMF-PD,82,0.8624401913875598,3dino_z,sex,within,,,
UPENN-GBM,300,0.8928571428571428,3dino_z,sex,within,,,
3D-MR-MS,120,,3dino_z,age,lodo,23.968478735654873,16.442716097560975,0.0222320890451581
ISLES22,125,,3dino_z,age,lodo,28.92328903332618,21.12385901222495,0.37681787361326874
IXI,294,,3dino_z,age,lodo,14.54260518476118,13.788053609503503,0.35475527594191464
MS-60,180,,3dino_z,age,lodo,22.12279117436474,22.97570083752093,0.021090327968779368
MSLesSeg,300,,3dino_z,age,lodo,23.485876217394306,20.821301604278077,0.3276191580014526
NSK-GBM,168,,3dino_z,age,lodo,17.78491686057088,12.01483326197612,0.3569973664373266
OASIS-1,300,,3dino_z,age,lodo,22.150430425850317,23.246006559714793,0.2885832248385948
OASIS-2,301,,3dino_z,age,lodo,7.621651304117467,27.83769731357398,0.18904580226639084
UMF-PD,82,,3dino_z,age,lodo,15.645369100889905,13.804784365947102,0.4080046899925201
UPENN-GBM,300,,3dino_z,age,lodo,10.818550704477557,11.930164848484852,0.13816894237703653
3D-MR-MS,120,,3dino_z,age,within,8.611742631150642,7.563888888888889,0.09231644998743724
ISLES22,125,,3dino_z,age,within,7.57779972461448,10.76864,0.6493324351495368
IXI,294,,3dino_z,age,within,9.744310099730312,14.195356000238458,0.6189737353727648
MS-60,180,,3dino_z,age,within,10.390438007874602,10.461805555555555,0.13342940475051074
MSLesSeg,300,,3dino_z,age,within,7.28155436921608,7.8771675000000005,0.3437054986136644
NSK-GBM,168,,3dino_z,age,within,10.427266559236248,12.182539682539684,0.4200879287449951
OASIS-1,300,,3dino_z,age,within,10.345999155835004,23.3385,0.8731272859253619
OASIS-2,301,,3dino_z,age,within,5.27895914137045,6.227573052351548,0.5268892489349466
UMF-PD,82,,3dino_z,age,within,6.3086838718884355,7.04965034965035,0.37176796599939677
UPENN-GBM,300,,3dino_z,age,within,8.538218516855316,9.259733333333333,0.3333921977187575
3D-MR-MS,120,0.5194099378881988,untrained_pct,sex,lodo,,,
ISLES22,144,0.534375,untrained_pct,sex,lodo,,,
IXI,294,0.7013157894736842,untrained_pct,sex,lodo,,,
MS-60,177,0.5487736900780379,untrained_pct,sex,lodo,,,
MSLesSeg,300,0.5180555555555556,untrained_pct,sex,lodo,,,
NSK-GBM,168,0.7388443935926774,untrained_pct,sex,lodo,,,
OASIS-1,300,0.6636730205278593,untrained_pct,sex,lodo,,,
OASIS-2,301,0.7621256948180025,untrained_pct,sex,lodo,,,
UMF-PD,82,0.7649521531100478,untrained_pct,sex,lodo,,,
UPENN-GBM,300,0.7834821428571428,untrained_pct,sex,lodo,,,
3D-MR-MS,120,0.7204968944099379,untrained_pct,sex,within,,,
ISLES22,144,0.7453125,untrained_pct,sex,within,,,
IXI,294,0.8456140350877193,untrained_pct,sex,within,,,
MS-60,177,0.7460981047937569,untrained_pct,sex,within,,,
MSLesSeg,300,0.601388888888889,untrained_pct,sex,within,,,
NSK-GBM,168,0.7651601830663615,untrained_pct,sex,within,,,
OASIS-1,300,0.8848057184750733,untrained_pct,sex,within,,,
OASIS-2,301,0.9211717769410077,untrained_pct,sex,within,,,
UMF-PD,82,0.950956937799043,untrained_pct,sex,within,,,
UPENN-GBM,300,0.8464285714285714,untrained_pct,sex,within,,,
3D-MR-MS,120,,untrained_pct,age,lodo,26.34257783244677,16.442716097560975,-0.0974601675419078
ISLES22,125,,untrained_pct,age,lodo,28.837212720427985,21.12385901222495,-0.1602810107649868
IXI,294,,untrained_pct,age,lodo,15.635504922107684,13.788053609503503,0.1928480248077844
MS-60,180,,untrained_pct,age,lodo,16.134271554790992,22.97570083752093,-0.08411639150533638
MSLesSeg,300,,untrained_pct,age,lodo,18.733618335339276,20.821301604278077,0.18152554284978561
NSK-GBM,168,,untrained_pct,age,lodo,14.92291353641036,12.01483326197612,0.10085524686771806
OASIS-1,300,,untrained_pct,age,lodo,22.57512824087668,23.246006559714793,0.2519576599205399
OASIS-2,301,,untrained_pct,age,lodo,16.660631928207778,27.83769731357398,0.11506472319206172
UMF-PD,82,,untrained_pct,age,lodo,14.466161398869788,13.804784365947102,0.30796083205948277
UPENN-GBM,300,,untrained_pct,age,lodo,13.212077029674413,11.930164848484852,0.22042766137065256
3D-MR-MS,120,,untrained_pct,age,within,8.070167001713328,7.563888888888889,0.307955545827408
ISLES22,125,,untrained_pct,age,within,7.371645669019134,10.76864,0.6805191984779225
IXI,294,,untrained_pct,age,within,10.686907693183274,14.195356000238458,0.5259257692242696
MS-60,180,,untrained_pct,age,within,11.599874057887652,10.461805555555555,-0.09949919208802609
MSLesSeg,300,,untrained_pct,age,within,7.5390671648279435,7.8771675000000005,0.3425204315411018
NSK-GBM,168,,untrained_pct,age,within,10.317279169870416,12.182539682539684,0.47629783576025475
OASIS-1,300,,untrained_pct,age,within,9.485067054799616,23.3385,0.8801743592327412
OASIS-2,301,,untrained_pct,age,within,5.268215801692397,6.227573052351548,0.537472439615156
UMF-PD,82,,untrained_pct,age,within,5.2536055807502455,7.04965034965035,0.6794449672137298
UPENN-GBM,300,,untrained_pct,age,within,8.97859667900322,9.259733333333333,0.30499098675999076
3D-MR-MS,120,0.6211180124223603,medical_pct,sex,lodo,,,
ISLES22,144,0.5234375,medical_pct,sex,lodo,,,
IXI,294,0.7431286549707603,medical_pct,sex,lodo,,,
MS-60,177,0.5861204013377926,medical_pct,sex,lodo,,,
MSLesSeg,300,0.4986111111111111,medical_pct,sex,lodo,,,
NSK-GBM,168,0.6896453089244852,medical_pct,sex,lodo,,,
OASIS-1,300,0.6034640762463344,medical_pct,sex,lodo,,,
OASIS-2,301,0.7900528958221267,medical_pct,sex,lodo,,,
UMF-PD,82,0.9210526315789473,medical_pct,sex,lodo,,,
UPENN-GBM,300,0.6151785714285715,medical_pct,sex,lodo,,,
3D-MR-MS,120,0.7756211180124224,medical_pct,sex,within,,,
ISLES22,144,0.7375,medical_pct,sex,within,,,
IXI,294,0.8587719298245614,medical_pct,sex,within,,,
MS-60,177,0.7736900780379041,medical_pct,sex,within,,,
MSLesSeg,300,0.7069444444444445,medical_pct,sex,within,,,
NSK-GBM,168,0.8000572082379863,medical_pct,sex,within,,,
OASIS-1,300,0.8601539589442815,medical_pct,sex,within,,,
OASIS-2,301,0.9025909987448448,medical_pct,sex,within,,,
UMF-PD,82,0.9132775119617225,medical_pct,sex,within,,,
UPENN-GBM,300,0.8785714285714286,medical_pct,sex,within,,,
3D-MR-MS,120,,medical_pct,age,lodo,22.97711919087504,16.442716097560975,-0.10604336490794533
ISLES22,125,,medical_pct,age,lodo,31.320791016958257,21.12385901222495,0.36109123726723247
IXI,294,,medical_pct,age,lodo,14.30326345270841,13.788053609503503,0.21778884592560907
MS-60,180,,medical_pct,age,lodo,31.8133311531463,22.97570083752093,-0.09043584783695519
MSLesSeg,300,,medical_pct,age,lodo,22.211211255291303,20.821301604278077,0.20878847106603154
NSK-GBM,168,,medical_pct,age,lodo,12.720917005874385,12.01483326197612,0.16911519735131647
OASIS-1,300,,medical_pct,age,lodo,24.37028644010553,23.246006559714793,0.06076338883201282
OASIS-2,301,,medical_pct,age,lodo,13.892444473507044,27.83769731357398,0.1928286723477645
UMF-PD,82,,medical_pct,age,lodo,16.215699472002502,13.804784365947102,0.26266419177953226
UPENN-GBM,300,,medical_pct,age,lodo,16.195823901914306,11.930164848484852,0.2613076425520449
3D-MR-MS,120,,medical_pct,age,within,7.800059409897433,7.563888888888889,0.43042426046476573
ISLES22,125,,medical_pct,age,within,6.7616282708340325,10.76864,0.7393737962928992
IXI,294,,medical_pct,age,within,11.406220404500612,14.195356000238458,0.44444333202724917
MS-60,180,,medical_pct,age,within,10.967313087653086,10.461805555555555,0.013340911156388247
MSLesSeg,300,,medical_pct,age,within,7.507954905931318,7.8771675000000005,0.4024983961248311
NSK-GBM,168,,medical_pct,age,within,12.61084877043625,12.182539682539684,0.23745323195505202
OASIS-1,300,,medical_pct,age,within,9.737879554604076,23.3385,0.878766624995565
OASIS-2,301,,medical_pct,age,within,5.05292489040985,6.227573052351548,0.5830668423052776
UMF-PD,82,,medical_pct,age,within,5.016030990386981,7.04965034965035,0.6942267125713069
UPENN-GBM,300,,medical_pct,age,within,8.650194607935683,9.259733333333333,0.4105767226660296
