representation,dataset,n,n_modalities,method,condition,dims_removed,accuracy,balanced_acc,macro_f1,dataset_bacc,sequence_bacc
brainfm,3D-MR-MS,120,4,none,before,,0.4083,0.4083,0.3544,0.9237,0.8975
brainfm,3D-MR-MS,120,4,INLP,after,10.0,0.5417,0.5417,0.4878,0.9041,0.8437
brainfm,3D-MR-MS,120,4,INLP,control,10.0,0.5,0.5,0.4609,0.9212,0.8898
brainfm,3D-MR-MS,120,4,LEACE,after,15.0,0.4833,0.4833,0.4165,0.2465,0.6842
brainfm,3D-MR-MS,120,4,LEACE,control,15.0,0.5667,0.5667,0.5073,0.9225,0.8767
brainfm,3D-MR-MS,120,4,CORAL,after,,0.4167,0.4167,0.4117,0.066,0.6205
brainfm,3D-MR-MS,120,4,CORAL,control,,0.3917,0.3917,0.283,0.9781,0.7502
brainfm,3D-MR-MS,120,4,Adversarial,after,,0.3417,0.3417,0.2698,0.8888,0.7879
brainfm,3D-MR-MS,120,4,Adversarial,control,,0.5333,0.5333,0.4758,0.8991,0.8572
brainfm,BGSP,241,1,none,before,,0.971,,0.9853,0.9212,0.8799
brainfm,BGSP,241,1,INLP,after,11.0,0.7801,,0.8765,0.8741,0.8195
brainfm,BGSP,241,1,INLP,control,11.0,0.9751,,0.9874,0.9188,0.8766
brainfm,BGSP,241,1,LEACE,after,15.0,0.7344,,0.8469,0.2233,0.6838
brainfm,BGSP,241,1,LEACE,control,15.0,0.9793,,0.9895,0.92,0.8767
brainfm,BGSP,241,1,CORAL,after,,0.3278,,0.4938,0.0629,0.6215
brainfm,BGSP,241,1,CORAL,control,,0.0664,,0.1245,0.9819,0.7315
brainfm,BGSP,241,1,Adversarial,after,,0.9336,,0.9657,0.8907,0.7754
brainfm,BGSP,241,1,Adversarial,control,,1.0,,1.0,0.9103,0.8482
brainfm,BraTS25-MEN,300,4,none,before,,0.7867,0.7867,0.7678,0.9523,0.8945
brainfm,BraTS25-MEN,300,4,INLP,after,8.0,0.76,0.76,0.7433,0.9293,0.8361
brainfm,BraTS25-MEN,300,4,INLP,control,8.0,0.78,0.78,0.7579,0.9522,0.8878
brainfm,BraTS25-MEN,300,4,LEACE,after,15.0,0.71,0.71,0.712,0.2428,0.6652
brainfm,BraTS25-MEN,300,4,LEACE,control,15.0,0.74,0.74,0.7179,0.95,0.8772
brainfm,BraTS25-MEN,300,4,CORAL,after,,0.8133,0.8133,0.8093,0.0749,0.5962
brainfm,BraTS25-MEN,300,4,CORAL,control,,0.3133,0.3133,0.2064,0.9789,0.7542
brainfm,BraTS25-MEN,300,4,Adversarial,after,,0.69,0.69,0.6515,0.9263,0.8012
brainfm,BraTS25-MEN,300,4,Adversarial,control,,0.6733,0.6733,0.6004,0.9353,0.8535
brainfm,BraTS25-MET,300,4,none,before,,0.7933,0.7933,0.7873,0.9542,0.8919
brainfm,BraTS25-MET,300,4,INLP,after,8.0,0.6767,0.6767,0.6599,0.9423,0.8403
brainfm,BraTS25-MET,300,4,INLP,control,8.0,0.77,0.77,0.762,0.9508,0.8794
brainfm,BraTS25-MET,300,4,LEACE,after,15.0,0.6433,0.6433,0.6508,0.2397,0.6689
brainfm,BraTS25-MET,300,4,LEACE,control,15.0,0.7433,0.7433,0.7235,0.9534,0.8722
brainfm,BraTS25-MET,300,4,CORAL,after,,0.73,0.73,0.7264,0.077,0.6009
brainfm,BraTS25-MET,300,4,CORAL,control,,0.2733,0.2733,0.174,0.9759,0.751
brainfm,BraTS25-MET,300,4,Adversarial,after,,0.68,0.68,0.6666,0.9396,0.81
brainfm,BraTS25-MET,300,4,Adversarial,control,,0.7,0.7,0.6715,0.9496,0.8333
brainfm,BraTS25-SSA,300,4,none,before,,0.6267,0.6267,0.5813,0.9352,0.9001
brainfm,BraTS25-SSA,300,4,INLP,after,11.0,0.62,0.62,0.595,0.9068,0.852
brainfm,BraTS25-SSA,300,4,INLP,control,11.0,0.6233,0.6233,0.5819,0.9336,0.8926
brainfm,BraTS25-SSA,300,4,LEACE,after,15.0,0.4767,0.4767,0.4635,0.2315,0.6861
brainfm,BraTS25-SSA,300,4,LEACE,control,15.0,0.6367,0.6367,0.6039,0.9322,0.8929
brainfm,BraTS25-SSA,300,4,CORAL,after,,0.5567,0.5567,0.5539,0.076,0.6167
brainfm,BraTS25-SSA,300,4,CORAL,control,,0.5,0.5,0.4783,0.9716,0.7445
brainfm,BraTS25-SSA,300,4,Adversarial,after,,0.5067,0.5067,0.4865,0.9115,0.8272
brainfm,BraTS25-SSA,300,4,Adversarial,control,,0.55,0.55,0.5187,0.9179,0.851
brainfm,BrainMetShare,300,3,none,before,,0.4033,0.2778,0.2235,0.9217,0.9008
brainfm,BrainMetShare,300,3,INLP,after,9.0,0.3867,0.3422,0.3079,0.9131,0.8561
brainfm,BrainMetShare,300,3,INLP,control,9.0,0.42,0.3111,0.3031,0.9219,0.8946
brainfm,BrainMetShare,300,3,LEACE,after,15.0,0.36,0.4044,0.3352,0.2613,0.695
brainfm,BrainMetShare,300,3,LEACE,control,15.0,0.3767,0.34,0.3555,0.9186,0.8863
brainfm,BrainMetShare,300,3,CORAL,after,,0.2633,0.2644,0.2933,0.0754,0.6239
brainfm,BrainMetShare,300,3,CORAL,control,,0.2533,0.3356,0.1381,0.9815,0.7594
brainfm,BrainMetShare,300,3,Adversarial,after,,0.3067,0.2778,0.2997,0.8942,0.8101
brainfm,BrainMetShare,300,3,Adversarial,control,,0.22,0.2778,0.1953,0.8989,0.8556
brainfm,EPISURG,300,1,none,before,,0.99,,0.995,0.922,0.8834
brainfm,EPISURG,300,1,INLP,after,8.0,0.9333,,0.9655,0.8886,0.8229
brainfm,EPISURG,300,1,INLP,control,8.0,0.97,,0.9848,0.9214,0.8772
brainfm,EPISURG,300,1,LEACE,after,15.0,0.7033,,0.8258,0.2268,0.6762
brainfm,EPISURG,300,1,LEACE,control,15.0,0.94,,0.9691,0.9206,0.8705
brainfm,EPISURG,300,1,CORAL,after,,0.3867,,0.5577,0.0662,0.6201
brainfm,EPISURG,300,1,CORAL,control,,0.03,,0.0583,0.9789,0.7588
brainfm,EPISURG,300,1,Adversarial,after,,0.89,,0.9418,0.9021,0.791
brainfm,EPISURG,300,1,Adversarial,control,,0.4167,,0.5882,0.9047,0.8281
brainfm,ISLES22,250,1,none,before,,0.656,,0.7923,0.9272,0.8767
brainfm,ISLES22,250,1,INLP,after,4.0,0.616,,0.7624,0.9208,0.8286
brainfm,ISLES22,250,1,INLP,control,4.0,0.644,,0.7835,0.9273,0.8709
brainfm,ISLES22,250,1,LEACE,after,15.0,0.4,,0.5714,0.2454,0.7184
brainfm,ISLES22,250,1,LEACE,control,15.0,0.668,,0.801,0.9251,0.8576
brainfm,ISLES22,250,1,CORAL,after,,0.244,,0.3923,0.069,0.6461
brainfm,ISLES22,250,1,CORAL,control,,0.096,,0.1752,0.995,0.7757
brainfm,ISLES22,250,1,Adversarial,after,,0.372,,0.5423,0.8964,0.7882
brainfm,ISLES22,250,1,Adversarial,control,,0.452,,0.6226,0.9139,0.8258
brainfm,IXI,200,2,none,before,,0.79,0.79,0.8685,0.9206,0.8881
brainfm,IXI,200,2,INLP,after,2.0,0.705,0.705,0.7858,0.9186,0.8419
brainfm,IXI,200,2,INLP,control,2.0,0.78,0.78,0.8611,0.9238,0.8833
brainfm,IXI,200,2,LEACE,after,15.0,0.665,0.665,0.7461,0.2263,0.6752
brainfm,IXI,200,2,LEACE,control,15.0,0.77,0.77,0.8505,0.919,0.8639
brainfm,IXI,200,2,CORAL,after,,0.42,0.42,0.5376,0.0683,0.6138
brainfm,IXI,200,2,CORAL,control,,0.555,0.555,0.6024,0.9778,0.7464
brainfm,IXI,200,2,Adversarial,after,,0.81,0.81,0.8659,0.9022,0.8116
brainfm,IXI,200,2,Adversarial,control,,0.675,0.675,0.726,0.9106,0.8503
brainfm,MS-60,180,3,none,before,,0.3333,0.3333,0.1667,0.9175,0.9045
brainfm,MS-60,180,3,INLP,after,2.0,0.4222,0.4222,0.3402,0.9151,0.8749
brainfm,MS-60,180,3,INLP,control,2.0,0.3333,0.3333,0.1667,0.9187,0.9004
brainfm,MS-60,180,3,LEACE,after,15.0,0.4056,0.4056,0.3483,0.2289,0.703
brainfm,MS-60,180,3,LEACE,control,15.0,0.3389,0.3389,0.1783,0.914,0.8926
brainfm,MS-60,180,3,CORAL,after,,0.2667,0.2667,0.291,0.057,0.6306
brainfm,MS-60,180,3,CORAL,control,,0.2222,0.2222,0.2345,0.9796,0.7681
brainfm,MS-60,180,3,Adversarial,after,,0.3278,0.3278,0.1782,0.883,0.8246
brainfm,MS-60,180,3,Adversarial,control,,0.3333,0.3333,0.1667,0.9054,0.8763
brainfm,MSLesSeg,300,3,none,before,,0.6933,0.6933,0.7334,0.9166,0.8872
brainfm,MSLesSeg,300,3,INLP,after,6.0,0.7633,0.7633,0.8082,0.8838,0.8359
brainfm,MSLesSeg,300,3,INLP,control,6.0,0.6267,0.6267,0.6789,0.9124,0.8854
brainfm,MSLesSeg,300,3,LEACE,after,15.0,0.7633,0.7633,0.7968,0.2041,0.672
brainfm,MSLesSeg,300,3,LEACE,control,15.0,0.61,0.61,0.6694,0.9136,0.8739
brainfm,MSLesSeg,300,3,CORAL,after,,0.5867,0.5867,0.6519,0.0549,0.6156
brainfm,MSLesSeg,300,3,CORAL,control,,0.1133,0.1133,0.1284,0.9829,0.7441
brainfm,MSLesSeg,300,3,Adversarial,after,,0.6533,0.6533,0.6806,0.9011,0.8098
brainfm,MSLesSeg,300,3,Adversarial,control,,0.5433,0.5433,0.5222,0.9054,0.8395
brainfm,NFBS,125,1,none,before,,0.08,,0.1481,0.9189,0.8886
brainfm,NFBS,125,1,INLP,after,4.0,0.016,,0.0315,0.8932,0.8522
brainfm,NFBS,125,1,INLP,control,4.0,0.016,,0.0315,0.9205,0.8874
brainfm,NFBS,125,1,LEACE,after,15.0,0.864,,0.927,0.2135,0.6827
brainfm,NFBS,125,1,LEACE,control,15.0,0.016,,0.0315,0.9167,0.8643
brainfm,NFBS,125,1,CORAL,after,,0.6,,0.75,0.0595,0.6096
brainfm,NFBS,125,1,CORAL,control,,0.0,,0.0,0.9916,0.7595
brainfm,NFBS,125,1,Adversarial,after,,0.0,,0.0,0.8923,0.8092
brainfm,NFBS,125,1,Adversarial,control,,0.016,,0.0315,0.9075,0.8427
brainfm,NSK-GBM,168,4,none,before,,0.2738,0.2738,0.2038,0.9192,0.8905
brainfm,NSK-GBM,168,4,INLP,after,8.0,0.3631,0.3631,0.3113,0.8793,0.8349
brainfm,NSK-GBM,168,4,INLP,control,8.0,0.3036,0.3036,0.2307,0.9227,0.8838
brainfm,NSK-GBM,168,4,LEACE,after,15.0,0.3155,0.3155,0.3316,0.2116,0.6825
brainfm,NSK-GBM,168,4,LEACE,control,15.0,0.1488,0.1488,0.1031,0.9223,0.88
brainfm,NSK-GBM,168,4,CORAL,after,,0.3214,0.3214,0.329,0.0635,0.6237
brainfm,NSK-GBM,168,4,CORAL,control,,0.2083,0.2083,0.121,0.9909,0.7747
brainfm,NSK-GBM,168,4,Adversarial,after,,0.3155,0.3155,0.2147,0.8987,0.8064
brainfm,NSK-GBM,168,4,Adversarial,control,,0.4167,0.4167,0.3657,0.9182,0.8569
brainfm,OASIS-1,300,1,none,before,,0.6,,0.75,0.9129,0.8813
brainfm,OASIS-1,300,1,INLP,after,5.0,0.8433,,0.915,0.9084,0.843
brainfm,OASIS-1,300,1,INLP,control,5.0,0.6433,,0.783,0.9154,0.8801
brainfm,OASIS-1,300,1,LEACE,after,15.0,0.05,,0.0952,0.2255,0.691
brainfm,OASIS-1,300,1,LEACE,control,15.0,0.24,,0.3871,0.9098,0.8733
brainfm,OASIS-1,300,1,CORAL,after,,0.35,,0.5185,0.067,0.6252
brainfm,OASIS-1,300,1,CORAL,control,,0.9167,,0.9565,0.9849,0.738
brainfm,OASIS-1,300,1,Adversarial,after,,0.6667,,0.8,0.8851,0.788
brainfm,OASIS-1,300,1,Adversarial,control,,0.66,,0.7952,0.9102,0.8342
brainfm,OASIS-2,301,1,none,before,,0.9867,,0.9933,0.9236,0.8889
brainfm,OASIS-2,301,1,INLP,after,15.0,0.495,,0.6622,0.9025,0.8267
brainfm,OASIS-2,301,1,INLP,control,15.0,0.6512,,0.7887,0.9252,0.8794
brainfm,OASIS-2,301,1,LEACE,after,15.0,0.3156,,0.4798,0.2265,0.7144
brainfm,OASIS-2,301,1,LEACE,control,15.0,0.6512,,0.7887,0.9252,0.8794
brainfm,OASIS-2,301,1,CORAL,after,,0.2425,,0.3904,0.0618,0.6498
brainfm,OASIS-2,301,1,CORAL,control,,0.2691,,0.4241,0.9844,0.7416
brainfm,OASIS-2,301,1,Adversarial,after,,0.8007,,0.8893,0.887,0.7901
brainfm,OASIS-2,301,1,Adversarial,control,,0.8472,,0.9173,0.9016,0.8402
brainfm,UMF-PD,82,1,none,before,,0.939,,0.9686,0.9227,0.8894
brainfm,UMF-PD,82,1,INLP,after,12.0,0.4512,,0.6218,0.8688,0.8071
brainfm,UMF-PD,82,1,INLP,control,12.0,0.9512,,0.975,0.9205,0.8726
brainfm,UMF-PD,82,1,LEACE,after,15.0,0.2073,,0.3434,0.2537,0.6814
brainfm,UMF-PD,82,1,LEACE,control,15.0,0.939,,0.9686,0.9196,0.8632
brainfm,UMF-PD,82,1,CORAL,after,,0.3415,,0.5091,0.078,0.6165
brainfm,UMF-PD,82,1,CORAL,control,,0.0,,0.0,0.9806,0.7461
brainfm,UMF-PD,82,1,Adversarial,after,,0.7683,,0.869,0.8983,0.8129
brainfm,UMF-PD,82,1,Adversarial,control,,0.7683,,0.869,0.9113,0.8434
brainfm,UPENN-GBM,300,4,none,before,,0.47,0.47,0.3633,0.9205,0.8892
brainfm,UPENN-GBM,300,4,INLP,after,7.0,0.4933,0.4933,0.4408,0.8794,0.8408
brainfm,UPENN-GBM,300,4,INLP,control,7.0,0.47,0.47,0.3498,0.9188,0.883
brainfm,UPENN-GBM,300,4,LEACE,after,15.0,0.4933,0.4933,0.4876,0.2359,0.6544
brainfm,UPENN-GBM,300,4,LEACE,control,15.0,0.4533,0.4533,0.3445,0.9213,0.881
brainfm,UPENN-GBM,300,4,CORAL,after,,0.4567,0.4567,0.4531,0.066,0.6164
brainfm,UPENN-GBM,300,4,CORAL,control,,0.35,0.35,0.2687,0.9803,0.7651
brainfm,UPENN-GBM,300,4,Adversarial,after,,0.44,0.44,0.3776,0.8932,0.8166
brainfm,UPENN-GBM,300,4,Adversarial,control,,0.3767,0.3767,0.3179,0.9083,0.8695
