representation,dataset,consistency,pool_consistency,before,centre_free,centre_oracle
handcrafted,3D-MR-MS,-0.01565706799072633,0.13703353031372403,0.325,0.525,0.5166666666666667
handcrafted,BraTS25-MEN,0.19014647566940696,0.04759726747770322,0.6333333333333333,0.6333333333333333,0.6366666666666667
handcrafted,BraTS25-MET,0.35467340696932526,0.07203323575447701,0.5066666666666667,0.49333333333333335,0.49333333333333335
handcrafted,BraTS25-SSA,0.3524533858859802,0.08661060667925378,0.5566666666666666,0.5333333333333333,0.5366666666666666
handcrafted,BrainMetShare,-0.03750859161431313,0.15464122568109692,0.4822222222222223,0.2644444444444444,0.25555555555555554
handcrafted,IXI,0.2907333124864935,0.11599684524260007,0.625,0.205,0.2
handcrafted,MS-60,0.1688078442043676,0.12734260061561853,0.20555555555555557,0.3833333333333333,0.37777777777777777
handcrafted,MSLesSeg,0.005531798958002265,0.15877333841299207,0.47000000000000003,0.4533333333333333,0.43999999999999995
handcrafted,NSK-GBM,-0.00781726091128987,0.24078111728381557,0.25,0.017857142857142856,0.023809523809523808
handcrafted,UPENN-GBM,-0.04806664673523235,0.16341996822780638,0.37,0.25333333333333335,0.25666666666666665
untrained,3D-MR-MS,-0.28155122180048975,0.2698163057976724,0.5166666666666666,0.5083333333333333,0.49166666666666664
untrained,BraTS25-MEN,0.2431186268432151,0.1929624062092657,0.6033333333333334,0.6166666666666667,0.6233333333333333
untrained,BraTS25-MET,0.3409480131125041,0.17540815209406005,0.6733333333333333,0.6966666666666667,0.6966666666666667
untrained,BraTS25-SSA,0.39995906217777505,0.09137969300535434,0.53,0.54,0.5466666666666666
untrained,BrainMetShare,0.4690817285137013,0.1303640338566391,0.35555555555555557,0.25555555555555554,0.25555555555555554
untrained,IXI,0.1352056394061827,0.2140406013682884,0.885,0.6799999999999999,0.6799999999999999
untrained,MS-60,0.49781799873100735,0.1317567334171146,0.15555555555555553,0.2333333333333333,0.2333333333333333
untrained,MSLesSeg,-0.18311748117303991,0.2604896938503368,0.5366666666666666,0.33,0.3333333333333333
untrained,NSK-GBM,0.13648724684879998,0.19343569741938907,0.18452380952380953,0.15476190476190477,0.15476190476190477
untrained,UPENN-GBM,0.14041889785327735,0.19144474451235358,0.43666666666666665,0.3766666666666667,0.3766666666666667
medical,3D-MR-MS,-0.11760732399363079,0.2805980172316052,0.23333333333333334,0.425,0.425
medical,BraTS25-MEN,0.5838747391996916,0.15976792284352243,0.5166666666666666,0.5166666666666667,0.51
medical,BraTS25-MET,0.62331498551438,0.1425681844561454,0.5566666666666666,0.5466666666666666,0.53
medical,BraTS25-SSA,0.5324748765375478,0.1961707352043947,0.4766666666666667,0.4733333333333334,0.47
medical,BrainMetShare,0.2731764638587139,0.307094932389971,0.3377777777777778,0.40222222222222226,0.40666666666666673
medical,IXI,0.061347133778869974,0.22756303596950586,0.905,0.535,0.525
medical,MS-60,0.2797082858892518,0.1912333998208651,0.2333333333333333,0.22222222222222224,0.20555555555555557
medical,MSLesSeg,-0.21424448013737155,0.2704290288347974,0.39999999999999997,0.4166666666666667,0.4166666666666667
medical,NSK-GBM,-0.1490456463203273,0.2582512191408639,0.3511904761904762,0.34523809523809523,0.3392857142857143
medical,UPENN-GBM,0.2231518467037083,0.19016950585481399,0.42666666666666664,0.5233333333333333,0.5166666666666667
selfsup,3D-MR-MS,-0.015764553223383854,0.11847202266584585,0.4,0.4,0.4083333333333333
selfsup,BraTS25-MEN,0.2592406639807606,0.061171576235846854,0.6266666666666667,0.5833333333333334,0.5833333333333334
selfsup,BraTS25-MET,0.009658410148229518,0.10108814907346513,0.63,0.5866666666666667,0.5866666666666667
selfsup,BraTS25-SSA,0.2156024562857313,0.0412642222100287,0.5466666666666666,0.6033333333333334,0.6066666666666667
selfsup,BrainMetShare,0.14930044961753644,0.10062174035385561,0.3688888888888889,0.5244444444444444,0.5066666666666667
selfsup,IXI,0.34925457174307395,0.09628596534175114,0.79,0.505,0.51
selfsup,MS-60,0.10626491968924456,0.10415476453948126,0.2333333333333333,0.13333333333333333,0.13333333333333333
selfsup,MSLesSeg,0.15189739289142432,0.08962859504164852,0.39666666666666667,0.6633333333333334,0.6566666666666667
selfsup,NSK-GBM,-0.13171576766315357,0.19377312620242187,0.23809523809523808,0.1964285714285714,0.1964285714285714
selfsup,UPENN-GBM,-0.01379710905060453,0.1500302511988243,0.43333333333333335,0.36,0.3666666666666667
brainiac,3D-MR-MS,0.06089521999559734,0.5250779239786604,0.3,0.35,0.3666666666666667
brainiac,BraTS25-MEN,0.7229029977171817,0.4036093426824675,0.7000000000000001,0.6866666666666666,0.6799999999999999
brainiac,BraTS25-MET,0.6301074843704911,0.409340001062738,0.64,0.6699999999999999,0.6766666666666667
brainiac,BraTS25-SSA,0.6922813217748462,0.4209523286661321,0.55,0.5533333333333333,0.55
brainiac,BrainMetShare,0.1867951939356249,0.4906990822677375,0.3333333333333333,0.25555555555555554,0.2733333333333333
brainiac,IXI,0.6825549840701524,0.4310395867947509,0.7849999999999999,0.32,0.315
brainiac,MS-60,0.2337952956684067,0.48811891968525306,0.3333333333333333,0.21666666666666667,0.2222222222222222
brainiac,MSLesSeg,0.6020635616319915,0.4242661757830601,0.5066666666666667,0.5233333333333333,0.51
brainiac,NSK-GBM,0.492271836226716,0.4363532605358034,0.43452380952380953,0.494047619047619,0.47023809523809523
brainiac,UPENN-GBM,0.2909340338136839,0.4729370009318889,0.41333333333333333,0.28,0.2733333333333333
brainfm,3D-MR-MS,0.31679311570937685,0.2796884004760675,0.4083333333333333,0.6583333333333333,0.6416666666666666
brainfm,BraTS25-MEN,0.6006991438263587,0.22481607434530007,0.7866666666666667,0.7066666666666668,0.7066666666666668
brainfm,BraTS25-MET,0.5550396788926549,0.23247182354334553,0.7933333333333334,0.6966666666666668,0.6933333333333334
brainfm,BraTS25-SSA,0.5043006689648644,0.2401124485122973,0.6266666666666667,0.5433333333333333,0.5433333333333333
brainfm,BrainMetShare,0.09039990208849398,0.3068561107492748,0.27777777777777773,0.2577777777777778,0.2933333333333333
brainfm,IXI,0.2507223795188749,0.29303087982464016,0.79,0.565,0.57
brainfm,MS-60,-0.00897243830558501,0.32329521688420293,0.3333333333333333,0.29444444444444445,0.2888888888888889
brainfm,MSLesSeg,0.15091735438584272,0.2972711205284742,0.6933333333333334,0.6833333333333332,0.69
brainfm,NSK-GBM,0.1527469817526658,0.337894353889594,0.27380952380952384,0.39880952380952384,0.380952380952381
brainfm,UPENN-GBM,0.3462031552980076,0.2639052498844141,0.47,0.5966666666666667,0.5933333333333333
sammed3d,3D-MR-MS,0.4503884386678786,0.4875586974259908,0.7083333333333334,0.7083333333333334,0.725
sammed3d,BraTS25-MEN,0.8072892546487476,0.42378789552089213,0.8233333333333334,0.7866666666666666,0.78
sammed3d,BraTS25-MET,0.7928339518863758,0.42592658407215755,0.8466666666666667,0.7666666666666667,0.7666666666666667
sammed3d,BraTS25-SSA,0.5737053384076249,0.4563275991081577,0.7366666666666666,0.7666666666666666,0.7633333333333333
sammed3d,BrainMetShare,0.4377152495559853,0.48428533488884123,0.5822222222222222,0.5822222222222222,0.5777777777777778
sammed3d,IXI,0.5088738849296683,0.4802538904680611,0.955,0.625,0.62
sammed3d,MS-60,-0.03774378819773739,0.5485318189668644,0.2777777777777778,0.22777777777777777,0.2111111111111111
sammed3d,MSLesSeg,0.6770339129413231,0.45232581777049485,0.7366666666666667,0.68,0.6733333333333333
sammed3d,NSK-GBM,0.03412273766149654,0.5584599296020012,0.5773809523809524,0.5952380952380952,0.5773809523809524
sammed3d,UPENN-GBM,0.5992276008893247,0.45259095691959483,0.65,0.7333333333333334,0.7333333333333334
3dino,3D-MR-MS,0.4717738194296923,0.38580291758598034,0.7583333333333333,0.9083333333333333,0.8916666666666666
3dino,BraTS25-MEN,0.7026419542712221,0.33496365859396054,0.9033333333333333,0.8833333333333333,0.89
3dino,BraTS25-MET,0.6535240088387322,0.3397651638765967,0.8966666666666667,0.9266666666666666,0.94
3dino,BraTS25-SSA,0.6013007800222513,0.35712131298631183,0.87,0.8566666666666667,0.8533333333333334
3dino,BrainMetShare,0.10359344157871485,0.42557928051471705,0.6822222222222223,0.5511111111111111,0.5688888888888889
3dino,IXI,0.5470503526470651,0.3860146151577423,0.995,0.825,0.8200000000000001
3dino,MS-60,0.06690513492256459,0.4306250685933955,0.3611111111111111,0.39999999999999997,0.39999999999999997
3dino,MSLesSeg,0.5079891031264167,0.3787458232754496,0.6866666666666666,0.6699999999999999,0.6699999999999999
3dino,NSK-GBM,0.46116794470127337,0.39997942009824666,0.5714285714285714,0.9226190476190476,0.9285714285714285
3dino,UPENN-GBM,0.40868017193870765,0.39946538292142997,0.44,0.7933333333333333,0.7833333333333333
3dino_rand,3D-MR-MS,0.31571210884996415,0.3875247372704375,0.31666666666666665,0.33333333333333337,0.31666666666666665
3dino_rand,BraTS25-MEN,0.9461606879186771,0.32162589848085194,0.7133333333333334,0.76,0.76
3dino_rand,BraTS25-MET,0.888623667307662,0.29940544082549464,0.6633333333333333,0.62,0.63
3dino_rand,BraTS25-SSA,0.3140840294947118,0.47031516077749,0.5066666666666667,0.5933333333333334,0.5866666666666668
3dino_rand,BrainMetShare,-0.6298116940853444,0.5763760912872364,0.32666666666666666,0.27999999999999997,0.3088888888888889
3dino_rand,IXI,0.934715898959031,0.3774275089452259,0.815,0.635,0.64
3dino_rand,MS-60,0.13211895089034284,0.4669125889287396,0.03333333333333333,0.3,0.3055555555555556
3dino_rand,MSLesSeg,0.3050238402495764,0.4475136495912374,0.6066666666666666,0.4766666666666666,0.47333333333333333
3dino_rand,NSK-GBM,0.8718793793459654,0.32272800593104917,0.5,0.6904761904761905,0.6785714285714286
3dino_rand,UPENN-GBM,0.27696291250932126,0.4505648656119539,0.5566666666666666,0.4,0.4
3dino_z,3D-MR-MS,0.22982877156839565,0.3292297170182867,0.6416666666666666,0.7583333333333333,0.7583333333333333
3dino_z,BraTS25-MEN,0.6002114015973761,0.24962722025868184,0.7466666666666666,0.7966666666666667,0.7966666666666667
3dino_z,BraTS25-MET,0.5856797224890303,0.2520391446831589,0.8366666666666668,0.8066666666666668,0.8166666666666667
3dino_z,BraTS25-SSA,0.5577048717422136,0.26556998519381947,0.79,0.7533333333333333,0.7533333333333334
3dino_z,BrainMetShare,0.05712698485088835,0.3419355621406043,0.5844444444444444,0.4466666666666666,0.4666666666666666
3dino_z,IXI,0.3015343663208132,0.31823526711829225,0.875,0.565,0.5700000000000001
3dino_z,MS-60,0.10201116573112771,0.34010073593340917,0.17777777777777778,0.29444444444444445,0.3166666666666667
3dino_z,MSLesSeg,0.4285171432385752,0.29096225052312735,0.6666666666666666,0.62,0.62
3dino_z,NSK-GBM,0.3058598330783871,0.3205332550660964,0.375,0.34523809523809523,0.3333333333333333
3dino_z,UPENN-GBM,0.25012418352268073,0.322974307771174,0.5366666666666666,0.5800000000000001,0.5700000000000001
medical_pct,3D-MR-MS,0.2558699747356068,0.37262145085343334,0.6333333333333333,0.6083333333333334,0.6083333333333334
medical_pct,BraTS25-MEN,0.8603725219662025,0.29298989582932267,0.77,0.8066666666666666,0.8
medical_pct,BraTS25-MET,0.8558664126540841,0.28880231292059116,0.88,0.8266666666666667,0.8433333333333334
medical_pct,BraTS25-SSA,0.576313806096193,0.33828518927509327,0.6233333333333334,0.5433333333333333,0.53
medical_pct,BrainMetShare,-0.5839796752531341,0.482061418051023,0.4333333333333333,0.3333333333333333,0.33111111111111113
medical_pct,IXI,0.5113718667915681,0.35653416269528887,0.9299999999999999,0.54,0.54
medical_pct,MS-60,0.1102227378593913,0.40833276885057856,0.0,0.19444444444444445,0.18333333333333332
medical_pct,MSLesSeg,0.34022032929129525,0.369542730574741,0.7000000000000001,0.63,0.6133333333333333
medical_pct,NSK-GBM,0.6149726792616959,0.3304205370399427,0.5119047619047619,0.7142857142857142,0.7023809523809523
medical_pct,UPENN-GBM,0.18502734562446685,0.38875612679570076,0.5066666666666667,0.5266666666666666,0.52
