representation,consistency,pool_consistency,before,centre_free,centre_oracle,p_centre_free,p_centre_oracle,rho_within
handcrafted,0.12532966569220141,0.13042297356890875,0.4424444444444444,0.3762301587301587,0.3737142857142858,0.203125,0.193359375,0.5515151515151515
untrained,0.18983685105129333,0.1851098061530474,0.4877301587301587,0.4391984126984127,0.4391984126984127,0.275390625,0.16015625,-0.35757575757575755
medical,0.20961508810308338,0.22238459817464848,0.44373015873015875,0.44063492063492066,0.434484126984127,0.76953125,1.0,0.35757575757575755
selfsup,0.10799414344188588,0.10564904128631694,0.46636507936507937,0.4555873015873016,0.45547619047619053,0.71484375,0.6796875,0.5151515151515151
brainiac,0.4594601929204691,0.45023936223884925,0.4996190476190476,0.4349603174603175,0.43374603174603177,0.431640625,0.359375,0.9361745372672995
brainfm,0.2958849942131555,0.27993416786376113,0.5453253968253968,0.5401031746031746,0.5401507936507937,0.845703125,1.0,0.6242424242424242
sammed3d,0.4843446581390687,0.4770048524743055,0.689404761904762,0.6471904761904762,0.6427936507936509,0.3125,0.30078125,0.7575757575757575
3dino,0.4524626711476641,0.383806264360383,0.7164761904761905,0.7737063492063492,0.7745793650793651,0.4921875,0.4921875,0.8787878787878788
3dino_rand,0.4355469781439908,0.4120393947649717,0.5038333333333334,0.5088809523809524,0.509968253968254,1.0,0.91015625,0.6969696969696969
3dino_z,0.3418598444139488,0.30312074457066507,0.6230555555555556,0.5966349206349206,0.6001666666666667,0.845703125,0.76953125,0.6
medical_pct,0.372625799902737,0.3628346592885715,0.598857142857143,0.5723730158730158,0.5671825396825397,0.556640625,0.556640625,0.6969696969696969
