representation,dataset,n,consistency,pool_consistency,before,centre_free,centre_oracle,LEACE,LEACE_control,CORAL,CORAL_control
handcrafted,3D-MR-MS,120,-0.057795503509729826,0.40753461476345976,0.5209627329192547,0.5885093167701863,0.5885093167701863,0.5,0.5,0.5380434782608696,0.5
handcrafted,ISLES22,144,0.044502394665743905,0.4036199402427927,0.478125,0.53125,0.53125,0.48125,0.46875,0.571875,0.49375
handcrafted,IXI,294,0.5132308667840079,0.3217137062957161,0.5605263157894738,0.6440058479532164,0.6375730994152047,0.572953216374269,0.5616959064327485,0.6578947368421053,0.5
handcrafted,MS-60,177,0.5469975584047709,0.32470103508007475,0.4947045707915273,0.5593645484949833,0.5501672240802675,0.4947045707915273,0.5,0.5994983277591974,0.5
handcrafted,MSLesSeg,300,0.510377608167437,0.3751367875462266,0.5125,0.5361111111111112,0.5361111111111112,0.5277777777777778,0.5166666666666666,0.5263888888888888,0.4875
handcrafted,NSK-GBM,168,-0.029868637488811405,0.26515796059604263,0.5,0.5,0.5,0.5,0.5,0.5886727688787186,0.5326086956521738
handcrafted,OASIS-1,300,0.6135711887228448,0.3177569118829606,0.5092558651026393,0.6688049853372434,0.6723790322580645,0.5092558651026393,0.5092558651026393,0.7639296187683284,0.5056818181818182
handcrafted,OASIS-2,301,0.3820721889715671,0.41724573269348525,0.5,0.7788909808140577,0.7788909808140577,0.5,0.5,0.8667294244217321,0.5075757575757576
handcrafted,UMF-PD,82,0.46479566751161844,0.33959510579209107,0.5,0.6088516746411483,0.652511961722488,0.48863636363636365,0.5,0.6997607655502392,0.6273923444976077
handcrafted,UPENN-GBM,300,0.4433336935761431,0.3165429132275511,0.5513392857142857,0.6995535714285714,0.6950892857142856,0.6017857142857144,0.5575892857142857,0.7200892857142858,0.5290178571428572
untrained,3D-MR-MS,120,0.817047871158519,0.6809225994152763,0.6211180124223603,0.7158385093167702,0.6824534161490683,0.5838509316770186,0.6211180124223603,0.7748447204968945,0.5054347826086957
untrained,ISLES22,144,0.7950302751509426,0.6828480157372314,0.590625,0.625,0.6046875,0.553125,0.5984375,0.6359375,0.5
untrained,IXI,294,0.20539823705972324,0.686860800941196,0.7885964912280702,0.5391812865497075,0.5169590643274854,0.7849415204678363,0.7861111111111111,0.7701754385964912,0.5793859649122807
untrained,MS-60,177,0.7633032606971467,0.7011755859891162,0.5755295429208473,0.6432552954292085,0.624860646599777,0.585005574136009,0.5942028985507246,0.6231884057971014,0.5392976588628762
untrained,MSLesSeg,300,0.7845135955159925,0.7148125692649042,0.49722222222222223,0.5194444444444445,0.5138888888888888,0.4916666666666667,0.5,0.5041666666666667,0.49722222222222223
untrained,NSK-GBM,168,0.7079661522039998,0.6647338501159035,0.568649885583524,0.6430205949656751,0.6464530892448512,0.5786613272311213,0.6086956521739131,0.7454233409610984,0.7008009153318078
untrained,OASIS-1,300,0.8089194000890089,0.6693250750208575,0.6403042521994134,0.6520344574780059,0.6520344574780059,0.6622983870967742,0.6753115835777126,0.7056451612903225,0.6498350439882699
untrained,OASIS-2,301,0.5637745054388026,0.7000989464589294,0.7801909628832706,0.6078088578088578,0.8218800430338892,0.7999596557288865,0.7662273623812086,0.7655325443786982,0.7083557468172853
untrained,UMF-PD,82,0.7807878390092112,0.6820912146457337,0.7410287081339713,0.6973684210526316,0.742822966507177,0.6866028708133971,0.742822966507177,0.7332535885167464,0.5227272727272727
untrained,UPENN-GBM,300,0.2443441518798424,0.7449575735278808,0.6401785714285715,0.7522321428571429,0.7598214285714286,0.6147321428571428,0.6366071428571429,0.725,0.6625
medical,3D-MR-MS,120,0.6185509194053148,0.4270733351127254,0.5271739130434783,0.593944099378882,0.6048136645962733,0.5163043478260869,0.5093167701863354,0.6529503105590062,0.6211180124223602
medical,ISLES22,144,0.2958348963472798,0.5526746584392039,0.528125,0.5546875,0.5625,0.5,0.4859375,0.546875,0.5
medical,IXI,294,0.5712228043360996,0.4289315987065619,0.8043859649122806,0.8134502923976608,0.8137426900584794,0.7321637426900585,0.7777777777777777,0.7891812865497077,0.5191520467836257
medical,MS-60,177,0.5561900709143511,0.4623807775243216,0.5693979933110368,0.5593645484949833,0.5629877369007804,0.584726867335563,0.5618729096989966,0.5337235228539576,0.47798216276477146
medical,MSLesSeg,300,0.2622880043818078,0.5544345790377462,0.5347222222222222,0.5166666666666666,0.4888888888888889,0.5444444444444444,0.5458333333333334,0.4708333333333333,0.49166666666666664
medical,NSK-GBM,168,0.6259206359625736,0.41834966857364236,0.6556064073226544,0.6807780320366132,0.6819221967963387,0.6175629290617849,0.6235697940503433,0.6164187643020596,0.590675057208238
medical,OASIS-1,300,0.46712849243492677,0.45125399810358857,0.5186950146627566,0.7350623167155426,0.7402859237536656,0.5272177419354839,0.5215359237536656,0.6646810850439883,0.5686400293255132
medical,OASIS-2,301,0.5314461981469889,0.4251359727677484,0.5857988165680473,0.8979738210507442,0.8866101846871077,0.5532544378698225,0.6145553164783935,0.8000941366325982,0.6555944055944056
medical,UMF-PD,82,0.5966328548961829,0.4042210196829297,0.8809808612440191,0.8241626794258373,0.8319377990430622,0.8397129186602871,0.784688995215311,0.805622009569378,0.6614832535885168
medical,UPENN-GBM,300,0.36199501389101235,0.4560923187131578,0.8553571428571429,0.8696428571428572,0.8933035714285715,0.8049107142857144,0.7852678571428571,0.7772321428571429,0.6866071428571429
selfsup,3D-MR-MS,120,0.056975074636833725,-0.05449765662018421,0.5419254658385093,0.5760869565217391,0.5706521739130435,0.5566770186335404,0.5403726708074534,0.640527950310559,0.6513975155279503
selfsup,ISLES22,144,-0.1790918711294765,-0.014204748403430636,0.515625,0.4703125,0.4703125,0.5375,0.5375,0.4703125,0.509375
selfsup,IXI,294,-0.007462639141301218,-0.03970593876303706,0.6615497076023392,0.6520467836257311,0.6432748538011697,0.6355263157894737,0.677923976608187,0.6722222222222223,0.6634502923976608
selfsup,MS-60,177,0.014425040102681011,-0.06198163073542662,0.5785953177257526,0.5610367892976589,0.5627090301003345,0.5749721293199554,0.5785953177257526,0.56438127090301,0.6181716833890747
selfsup,MSLesSeg,300,0.15505380722072012,-0.06568510369891649,0.5805555555555555,0.5583333333333333,0.5388888888888889,0.5402777777777779,0.5597222222222222,0.5597222222222222,0.5041666666666667
selfsup,NSK-GBM,168,-0.49041641152497617,0.04931664887650658,0.6172768878718535,0.5406178489702517,0.5460526315789473,0.6172768878718535,0.6335812356979404,0.6701945080091534,0.6676201372997712
selfsup,OASIS-1,300,-0.04103228278812455,-0.052233157244213076,0.48597873900293254,0.44556451612903225,0.4769061583577713,0.49257697947214074,0.4187133431085044,0.5480205278592375,0.5386730205278593
selfsup,OASIS-2,301,0.051010532724012306,-0.0505117414948523,0.6906490944952484,0.8096871077640309,0.804240631163708,0.7604670970055586,0.6978662363277748,0.7473103819257665,0.6463376367222521
selfsup,UMF-PD,82,-0.3192729030190396,-0.005600337711741112,0.6572966507177034,0.7051435406698565,0.6883971291866029,0.6118421052631579,0.6501196172248803,0.7392344497607655,0.6052631578947368
selfsup,UPENN-GBM,300,0.24299929113875654,-0.07531843626997987,0.6495535714285714,0.6549107142857142,0.6566964285714285,0.6450892857142857,0.6575892857142858,0.6620535714285714,0.6410714285714285
brainiac,3D-MR-MS,120,-0.3052173788258697,0.20678122066808394,0.5892857142857143,0.5900621118012422,0.6063664596273292,0.5877329192546584,0.5877329192546584,0.562888198757764,0.5232919254658386
brainiac,ISLES22,144,0.18027356238062242,0.11487046196788893,0.4484375,0.45625,0.4671875,0.5,0.428125,0.484375,0.5171875
brainiac,IXI,294,0.36402923757908123,0.06947487310623542,0.5447368421052632,0.5858187134502923,0.5830409356725146,0.5634502923976609,0.5526315789473684,0.566374269005848,0.5233918128654971
brainiac,MS-60,177,0.4823782191479855,0.06723397879406051,0.5008361204013378,0.5170011148272018,0.5097547380156076,0.5117056856187291,0.4958193979933111,0.4988851727982163,0.5066889632107023
brainiac,MSLesSeg,300,-0.16323899656599986,0.17453706264032276,0.5055555555555555,0.48888888888888893,0.49722222222222223,0.5319444444444444,0.5305555555555556,0.5055555555555555,0.5013888888888889
brainiac,NSK-GBM,168,0.26300051336353725,0.12165825042078006,0.5489130434782609,0.5208810068649886,0.5111556064073226,0.5737986270022883,0.5729405034324943,0.575228832951945,0.547482837528604
brainiac,OASIS-1,300,-0.04097413468968123,0.16841297511633133,0.4903775659824047,0.4779142228739003,0.48148826979472137,0.4739736070381232,0.4887280058651027,0.5175036656891496,0.49468475073313783
brainiac,OASIS-2,301,0.3514595439327221,0.09625211579298626,0.6063295678680294,0.6098933118163887,0.6098933118163887,0.5886901559978484,0.5884660211583288,0.5735610543302851,0.5797023489331181
brainiac,UMF-PD,82,-0.2901264975466364,0.20634966402759772,0.5083732057416268,0.479066985645933,0.4527511961722488,0.4557416267942584,0.5837320574162679,0.44138755980861244,0.5340909090909092
brainiac,UPENN-GBM,300,0.4672102892852964,-0.0046016829361492035,0.6620535714285715,0.6620535714285714,0.6401785714285715,0.653125,0.6245535714285715,0.5946428571428571,0.5745535714285714
brainfm,3D-MR-MS,120,0.4860403293751288,0.3426674832841624,0.5722049689440993,0.7119565217391304,0.6979813664596273,0.5442546583850931,0.579192546583851,0.765527950310559,0.5597826086956522
brainfm,ISLES22,144,0.16899521930084993,0.3834004542587375,0.5,0.6234375,0.634375,0.55625,0.5,0.6,0.5
brainfm,IXI,294,0.7316923371800644,0.29687016710977887,0.7298245614035088,0.7152046783625732,0.7048245614035088,0.7682748538011697,0.6942982456140351,0.7032163742690059,0.6777777777777778
brainfm,MS-60,177,0.17599412794571964,0.3850834901587652,0.5039018952062431,0.5136566332218506,0.5392976588628762,0.5100334448160535,0.4777034559643255,0.4930323299888517,0.5089186176142698
brainfm,MSLesSeg,300,-0.20646349772662184,0.42751517020588,0.4958333333333333,0.5652777777777778,0.5638888888888889,0.49166666666666664,0.4958333333333333,0.5916666666666667,0.5055555555555555
brainfm,NSK-GBM,168,0.6008973210662045,0.32227931101511914,0.6942219679633868,0.7225400457665905,0.7105263157894737,0.6916475972540046,0.6836384439359268,0.7248283752860412,0.6427345537757437
brainfm,OASIS-1,300,0.5209362290723785,0.34184273326804365,0.5837609970674487,0.5901759530791789,0.6018145161290323,0.5701979472140762,0.5763379765395895,0.6833760997067448,0.562408357771261
brainfm,OASIS-2,301,0.4912209416128818,0.5061248144531809,0.854424421732114,0.8790344271113502,0.8714586695355926,0.8463779809933656,0.853595122825892,0.6952214452214452,0.5388873946566255
brainfm,UMF-PD,82,0.5474436624677028,0.318238802396593,0.7906698564593302,0.784688995215311,0.8379186602870814,0.7589712918660287,0.7721291866028708,0.854665071770335,0.5
brainfm,UPENN-GBM,300,0.5049077474080196,0.33879484325091336,0.73125,0.6915178571428571,0.69375,0.7433035714285714,0.7544642857142857,0.7549107142857143,0.7160714285714285
sammed3d,3D-MR-MS,120,0.6068090997592636,0.590635648377088,0.7313664596273292,0.795807453416149,0.7430124223602484,0.6832298136645962,0.6211180124223603,0.765527950310559,0.657608695652174
sammed3d,ISLES22,144,0.6354467173650798,0.5863927070321365,0.6390625,0.6359375,0.653125,0.6453125,0.5890625,0.653125,0.5578125
sammed3d,IXI,294,0.8574489014873936,0.5554022837391183,0.7469298245614036,0.6752923976608187,0.6891812865497076,0.7805555555555556,0.7738304093567252,0.7513157894736842,0.6273391812865496
sammed3d,MS-60,177,0.4689847327470237,0.6125498415758097,0.5955964325529544,0.5975473801560758,0.6011705685618729,0.5883500557413601,0.5875139353400223,0.6086956521739131,0.5780379041248607
sammed3d,MSLesSeg,300,0.27983207858456344,0.6396659469376375,0.5125,0.5166666666666667,0.5013888888888889,0.49722222222222223,0.4847222222222222,0.48194444444444445,0.5208333333333334
sammed3d,NSK-GBM,168,0.5124651757119233,0.592637140854157,0.6530320366132722,0.6604691075514875,0.6681922196796339,0.6824942791762014,0.5875286041189931,0.7334096109839817,0.6447368421052632
sammed3d,OASIS-1,300,0.7908260819408618,0.5647959444726246,0.6769611436950147,0.6663306451612903,0.6699046920821115,0.5969574780058651,0.5986986803519061,0.626282991202346,0.5190615835777126
sammed3d,OASIS-2,301,0.2509609777744705,0.6586652175530276,0.8457728169266631,0.8127577550654473,0.8135870539716693,0.8436435359512282,0.830150618612157,0.7250537923614847,0.6285637439483593
sammed3d,UMF-PD,82,0.7742227173190499,0.5722021939543177,0.8092105263157895,0.7733253588516746,0.7942583732057416,0.8301435406698565,0.7996411483253589,0.7260765550239234,0.625
sammed3d,UPENN-GBM,300,0.8451934052033231,0.5535552062711179,0.721875,0.7263392857142857,0.7388392857142857,0.690625,0.7169642857142857,0.7602678571428572,0.7339285714285715
3dino,3D-MR-MS,120,0.4034483413829357,0.3243737405132147,0.6086956521739131,0.6793478260869565,0.6257763975155279,0.5892857142857143,0.5768633540372671,0.6902173913043479,0.514751552795031
3dino,ISLES22,144,0.3292551657901184,0.34320308494354806,0.6390625,0.5875,0.5796875,0.6265625,0.6265625,0.5984375,0.5140625
3dino,IXI,294,0.6278528929350206,0.2913382241166542,0.75453216374269,0.785233918128655,0.7744152046783626,0.708625730994152,0.7605263157894737,0.7172514619883041,0.6637426900584795
3dino,MS-60,177,0.13905284491961206,0.3666914176770095,0.5287068004459309,0.5521181716833891,0.5178372352285396,0.5016722408026756,0.5197881828316611,0.4492753623188406,0.4983277591973244
3dino,MSLesSeg,300,0.18814194212795626,0.35870055636566267,0.5736111111111111,0.5486111111111112,0.5472222222222223,0.5791666666666666,0.5555555555555556,0.5069444444444444,0.49583333333333335
3dino,NSK-GBM,168,0.5148075253499118,0.3090645393006065,0.6627574370709381,0.6636155606407322,0.672482837528604,0.6616132723112128,0.6224256292906178,0.6624713958810069,0.6049771167048055
3dino,OASIS-1,300,0.6413323431290936,0.3175372098666904,0.7054618768328446,0.8123167155425219,0.8042521994134897,0.7590725806451613,0.750091642228739,0.8066348973607038,0.6873167155425219
3dino,OASIS-2,301,0.533279978474699,0.32710477561707524,0.7740720817643895,0.802223417608033,0.8047113143266988,0.779630625784472,0.6454410973641743,0.7191366325981711,0.6074950690335306
3dino,UMF-PD,82,0.5022731049236285,0.309323003276266,0.638755980861244,0.6925837320574163,0.7021531100478469,0.6501196172248803,0.6519138755980861,0.7452153110047848,0.5681818181818181
3dino,UPENN-GBM,300,0.4486569843791389,0.3150438830276088,0.6129464285714286,0.5982142857142857,0.5852678571428571,0.628125,0.6169642857142856,0.6138392857142857,0.6178571428571429
3dino_rand,3D-MR-MS,120,0.5350884788978137,0.6121344137270959,0.5380434782608696,0.6366459627329193,0.6366459627329193,0.5395962732919255,0.5326086956521738,0.5900621118012422,0.5659937888198757
3dino_rand,ISLES22,144,0.6062592776243673,0.5957750230248096,0.5203125,0.5375,0.559375,0.5359375,0.5203125,0.5765625,0.521875
3dino_rand,IXI,294,0.8886090562680674,0.5829533930911764,0.6282163742690059,0.6200292397660818,0.6323099415204678,0.6358187134502924,0.5929824561403509,0.6160818713450293,0.5928362573099415
3dino_rand,MS-60,177,0.33318128416084436,0.6359683355695611,0.4816053511705685,0.5501672240802675,0.5501672240802675,0.5,0.4908026755852843,0.5593645484949833,0.4905239687848384
3dino_rand,MSLesSeg,300,0.5531011688280953,0.6107557685506753,0.5,0.5111111111111111,0.5152777777777777,0.5333333333333333,0.48888888888888893,0.4986111111111111,0.5027777777777778
3dino_rand,NSK-GBM,168,0.7801952996099433,0.5774536344236666,0.5778032036613272,0.5872425629290619,0.577517162471396,0.5680778032036613,0.5809496567505721,0.5981121281464531,0.607837528604119
3dino_rand,OASIS-1,300,0.5866142138040946,0.5985952031073036,0.4745234604105572,0.45683651026392963,0.44501466275659823,0.45793621700879766,0.41788856304985333,0.5239186217008798,0.5286840175953079
3dino_rand,OASIS-2,301,0.4595248740263591,0.6136992040375389,0.7480276134122288,0.7321588667742513,0.7351174466559083,0.6704993724224493,0.7172538999462077,0.6478841671149363,0.5879056840595303
3dino_rand,UMF-PD,82,0.7190147758784908,0.5803330317568682,0.7625598086124402,0.7828947368421053,0.7793062200956937,0.7194976076555024,0.6889952153110048,0.7111244019138756,0.687799043062201
3dino_rand,UPENN-GBM,300,0.6919439818168118,0.5875224961303582,0.8116071428571429,0.796875,0.8008928571428571,0.7535714285714286,0.7602678571428572,0.7330357142857142,0.6808035714285714
3dino_z,3D-MR-MS,120,0.3472483246501664,0.27865552419085216,0.5923913043478262,0.7010869565217391,0.6762422360248448,0.5745341614906833,0.5434782608695652,0.6296583850931676,0.5054347826086957
3dino_z,ISLES22,144,0.14088600417039915,0.30713252157686277,0.5453125,0.6484375,0.6328125,0.56875,0.5390625,0.5875,0.5125
3dino_z,IXI,294,0.5557421422779294,0.2460698342133995,0.6869883040935673,0.6865497076023392,0.6745614035087719,0.7027777777777777,0.7162280701754387,0.675,0.6263157894736842
3dino_z,MS-60,177,0.16796797633368324,0.326449500910217,0.5629877369007804,0.5209030100334449,0.49916387959866215,0.5554626532887402,0.5390189520624303,0.47324414715719065,0.5512820512820513
3dino_z,MSLesSeg,300,0.020682928646767868,0.31970392399343583,0.5,0.5152777777777777,0.5013888888888889,0.48888888888888893,0.48055555555555557,0.5527777777777778,0.5194444444444445
3dino_z,NSK-GBM,168,0.39889719845811267,0.27536302237592236,0.5780892448512586,0.5815217391304348,0.5915331807780321,0.5860983981693364,0.562070938215103,0.5915331807780321,0.5431922196796338
3dino_z,OASIS-1,300,0.4857258282030517,0.2673900900077502,0.6974890029325513,0.6957478005865103,0.6957478005865103,0.6600989736070382,0.6319648093841642,0.6642228739002932,0.529783724340176
3dino_z,OASIS-2,301,0.34369824545456257,0.2924411345003572,0.60771920387305,0.801394118701811,0.7946476600322754,0.5849919311457773,0.5576474807244038,0.6769992827685135,0.5964900484131254
3dino_z,UMF-PD,82,0.5359816320914285,0.25663976242377273,0.5,0.7374401913875598,0.7416267942583732,0.5,0.5,0.6997607655502392,0.5113636363636364
3dino_z,UPENN-GBM,300,0.5334878219532024,0.2579783169204231,0.7486607142857142,0.7526785714285714,0.771875,0.7111607142857144,0.7566964285714286,0.7308035714285714,0.5107142857142857
medical_pct,3D-MR-MS,120,0.8846739133885262,0.7425399776181678,0.6211180124223603,0.702639751552795,0.7104037267080745,0.5551242236024845,0.6653726708074534,0.702639751552795,0.5652173913043479
medical_pct,ISLES22,144,0.5791398796989927,0.7766386890071626,0.5234375,0.5046875,0.48125,0.50625,0.534375,0.4921875,0.471875
medical_pct,IXI,294,0.9202767807699056,0.7285399826784397,0.7431286549707603,0.8030701754385965,0.8021929824561403,0.7279239766081871,0.7327485380116959,0.7669590643274854,0.5957602339181286
medical_pct,MS-60,177,0.7697811615552157,0.7721038490415318,0.5861204013377926,0.5808249721293199,0.6025641025641025,0.5824972129319955,0.5811036789297659,0.5660535117056856,0.5
medical_pct,MSLesSeg,300,0.09467208468266847,0.8261296387101126,0.4986111111111111,0.4819444444444444,0.5041666666666667,0.5138888888888888,0.4569444444444445,0.49583333333333335,0.4986111111111111
medical_pct,NSK-GBM,168,0.9467724553252219,0.7333700776597826,0.6896453089244852,0.7334096109839817,0.7520022883295194,0.6395881006864989,0.694508009153318,0.7136727688787186,0.6350114416475973
medical_pct,OASIS-1,300,0.7914868861542043,0.7529793002009844,0.6034640762463344,0.6151026392961876,0.623900293255132,0.5563599706744868,0.6021810850439883,0.5795454545454546,0.5080645161290323
medical_pct,OASIS-2,301,0.8980168915721803,0.7475112157745487,0.7900528958221267,0.8524072081764389,0.8561950869643178,0.8096871077640309,0.7875649991034606,0.7183073336919491,0.5326564461179846
medical_pct,UMF-PD,82,0.7832764547417687,0.7527790774479535,0.9210526315789473,0.8923444976076556,0.9360047846889952,0.868421052631579,0.881578947368421,0.8433014354066986,0.5340909090909091
medical_pct,UPENN-GBM,300,0.9651634898849618,0.7311831826154399,0.6151785714285715,0.8058035714285714,0.8232142857142857,0.6330357142857144,0.6160714285714286,0.809375,0.7124999999999999
