dataset,within_bacc,representation
3D-MR-MS,0.9,handcrafted
BraTS25-MEN,0.7131,handcrafted
BraTS25-MET,0.7067,handcrafted
BraTS25-SSA,0.7633,handcrafted
BrainMetShare,0.8711,handcrafted
IXI,1.0,handcrafted
MS-60,0.7944,handcrafted
MSLesSeg,0.9133,handcrafted
NSK-GBM,0.9694,handcrafted
UPENN-GBM,0.8633,handcrafted
3D-MR-MS,0.9417,untrained
BraTS25-MEN,0.9263,untrained
BraTS25-MET,0.9233,untrained
BraTS25-SSA,0.87,untrained
BrainMetShare,0.8956,untrained
IXI,0.995,untrained
MS-60,0.8056,untrained
MSLesSeg,0.9833,untrained
NSK-GBM,1.0,untrained
UPENN-GBM,0.9567,untrained
3D-MR-MS,0.9417,medical
BraTS25-MEN,0.8104,medical
BraTS25-MET,0.86,medical
BraTS25-SSA,0.8633,medical
BrainMetShare,0.8356,medical
IXI,0.995,medical
MS-60,0.7333,medical
MSLesSeg,0.9433,medical
NSK-GBM,1.0,medical
UPENN-GBM,0.9567,medical
3D-MR-MS,0.9333,selfsup
BraTS25-MEN,0.8909,selfsup
BraTS25-MET,0.89,selfsup
BraTS25-SSA,0.8267,selfsup
BrainMetShare,0.9133,selfsup
IXI,0.985,selfsup
MS-60,0.8111,selfsup
MSLesSeg,0.98,selfsup
NSK-GBM,1.0,selfsup
UPENN-GBM,0.8967,selfsup
3D-MR-MS,0.8833,brainiac
BraTS25-MEN,0.8282,brainiac
BraTS25-MET,0.8833,brainiac
BraTS25-SSA,0.74,brainiac
BrainMetShare,0.74,brainiac
IXI,0.95,brainiac
MS-60,0.6056,brainiac
MSLesSeg,0.9533,brainiac
NSK-GBM,0.9403,brainiac
UPENN-GBM,0.8567,brainiac
3D-MR-MS,0.9583,brainfm
BraTS25-MEN,0.9435,brainfm
BraTS25-MET,0.9333,brainfm
BraTS25-SSA,0.8133,brainfm
BrainMetShare,0.8933,brainfm
IXI,1.0,brainfm
MS-60,0.8278,brainfm
MSLesSeg,0.99,brainfm
NSK-GBM,1.0,brainfm
UPENN-GBM,0.93,brainfm
3D-MR-MS,0.9833,3dino
BraTS25-MEN,0.99,3dino
BraTS25-MET,0.97,3dino
BraTS25-SSA,0.9167,3dino
BrainMetShare,0.9422,3dino
IXI,1.0,3dino
MS-60,0.9,3dino
MSLesSeg,0.9967,3dino
NSK-GBM,1.0,3dino
UPENN-GBM,0.99,3dino
3D-MR-MS,0.9,sammed3d
BraTS25-MEN,0.9432,sammed3d
BraTS25-MET,0.9167,sammed3d
BraTS25-SSA,0.88,sammed3d
BrainMetShare,0.8689,sammed3d
IXI,1.0,sammed3d
MS-60,0.85,sammed3d
MSLesSeg,0.9933,sammed3d
NSK-GBM,0.975,sammed3d
UPENN-GBM,0.98,sammed3d
3D-MR-MS,0.8167,3dino_rand
BraTS25-MEN,0.9128,3dino_rand
BraTS25-MET,0.8233,3dino_rand
BraTS25-SSA,0.7567,3dino_rand
BrainMetShare,0.7733,3dino_rand
IXI,0.99,3dino_rand
MS-60,0.7,3dino_rand
MSLesSeg,0.9867,3dino_rand
NSK-GBM,0.9701,3dino_rand
UPENN-GBM,0.92,3dino_rand
3D-MR-MS,0.95,3dino_z
BraTS25-MEN,0.9644,3dino_z
BraTS25-MET,0.94,3dino_z
BraTS25-SSA,0.8867,3dino_z
BrainMetShare,0.8756,3dino_z
IXI,1.0,3dino_z
MS-60,0.8611,3dino_z
MSLesSeg,0.9867,3dino_z
NSK-GBM,0.9938,3dino_z
UPENN-GBM,0.9867,3dino_z
3D-MR-MS,0.9583,medical_pct
BraTS25-MEN,0.884,medical_pct
BraTS25-MET,0.93,medical_pct
BraTS25-SSA,0.8433,medical_pct
BrainMetShare,0.8778,medical_pct
IXI,1.0,medical_pct
MS-60,0.8333,medical_pct
MSLesSeg,0.9567,medical_pct
NSK-GBM,0.9944,medical_pct
UPENN-GBM,0.9733,medical_pct
